-- Generated by Craft v2.5.2754 on Apr 24, 2016, 7:32:37 PM.

--
-- Disable foreign key checks and autocommit.
--

SET FOREIGN_KEY_CHECKS = 0;
SET SQL_MODE = "NO_AUTO_VALUE_ON_ZERO";
SET AUTOCOMMIT = 0;
SET NAMES utf8;


DROP TABLE IF EXISTS `craft_assetfiles`;


--
-- Schema for table `craft_assetfiles`
--
CREATE TABLE `craft_assetfiles` (
  `id` int(11) NOT NULL,
  `sourceId` int(11) DEFAULT NULL,
  `folderId` int(11) NOT NULL,
  `filename` varchar(255) COLLATE utf8_unicode_ci NOT NULL,
  `kind` varchar(50) COLLATE utf8_unicode_ci NOT NULL DEFAULT 'unknown',
  `width` int(11) unsigned DEFAULT NULL,
  `height` int(11) unsigned DEFAULT NULL,
  `size` int(11) unsigned DEFAULT NULL,
  `dateModified` datetime DEFAULT NULL,
  `dateCreated` datetime NOT NULL,
  `dateUpdated` datetime NOT NULL,
  `uid` char(36) COLLATE utf8_unicode_ci NOT NULL DEFAULT '0',
  PRIMARY KEY (`id`),
  UNIQUE KEY `craft_assetfiles_filename_folderId_unq_idx` (`filename`,`folderId`),
  KEY `craft_assetfiles_sourceId_fk` (`sourceId`),
  KEY `craft_assetfiles_folderId_fk` (`folderId`)
) ENGINE=InnoDB DEFAULT CHARSET=utf8 COLLATE=utf8_unicode_ci;

--
-- Data for table `craft_assetfiles`
--

INSERT INTO `craft_assetfiles` (`id`, `sourceId`, `folderId`, `filename`, `kind`, `width`, `height`, `size`, `dateModified`, `dateCreated`, `dateUpdated`, `uid`) VALUES
 ('5', '2', '2', 'book-white-small.png', 'image', '840', '786', '675361', '2015-12-09 20:30:06', '2015-11-09 16:18:43', '2015-12-15 15:46:58', '1f0c6ab9-7c21-417a-867c-25ea60897872'),
 ('6', '2', '2', 'connect-background.jpg', 'image', '3000', '2000', '397522', '2015-12-09 20:30:06', '2015-11-09 16:18:55', '2015-12-15 15:46:58', '62e27831-1ca1-4efc-aa9c-694b85d98471'),
 ('7', '2', '2', 'janet.jpg', 'image', '1000', '1000', '224684', '2015-12-09 20:30:06', '2015-11-09 16:19:01', '2015-12-15 15:46:58', '5e461d3f-917b-495e-ab1a-a256e1881e29'),
 ('20', '2', '2', 'JanetEvans_Cover.jpg', 'image', '300', '450', '59063', '2015-12-15 15:41:54', '2015-12-15 15:24:57', '2015-12-15 15:46:57', 'a659011b-e76d-43c3-80f8-8d8b31450170'),
 ('23', '1', '1', 'image3.jpg', 'image', '480', '200', '85340', '2015-12-15 15:41:54', '2015-12-15 15:25:38', '2015-12-15 15:46:59', 'a43c8b58-3d9e-4738-9b93-9fbfed1d3e6e'),
 ('33', '1', '1', 'image1.png', 'image', '480', '321', '146676', '2015-12-15 15:45:45', '2015-12-15 15:45:55', '2015-12-15 15:46:58', '099be9f9-d21b-4b9d-8210-1e9662fdbbd9'),
 ('34', '1', '1', 'image2.png', 'image', '480', '400', '368847', '2015-12-15 15:45:48', '2015-12-15 15:45:55', '2015-12-15 15:46:59', 'b78e15c6-55c8-425f-aeab-ac431a709248'),
 ('35', '2', '2', 'mobile-cover.png', 'image', '851', '1267', '1053633', '2015-12-15 16:35:47', '2015-12-15 16:35:47', '2015-12-15 16:35:47', 'df88676b-2096-412e-9689-53e11d3b804a');




DROP TABLE IF EXISTS `craft_assetfolders`;


--
-- Schema for table `craft_assetfolders`
--
CREATE TABLE `craft_assetfolders` (
  `id` int(11) NOT NULL AUTO_INCREMENT,
  `parentId` int(11) DEFAULT NULL,
  `sourceId` int(11) DEFAULT NULL,
  `name` varchar(255) COLLATE utf8_unicode_ci NOT NULL,
  `path` varchar(255) COLLATE utf8_unicode_ci DEFAULT NULL,
  `dateCreated` datetime NOT NULL,
  `dateUpdated` datetime NOT NULL,
  `uid` char(36) COLLATE utf8_unicode_ci NOT NULL DEFAULT '0',
  PRIMARY KEY (`id`),
  UNIQUE KEY `craft_assetfolders_name_parentId_sourceId_unq_idx` (`name`,`parentId`,`sourceId`),
  KEY `craft_assetfolders_parentId_fk` (`parentId`),
  KEY `craft_assetfolders_sourceId_fk` (`sourceId`)
) ENGINE=InnoDB AUTO_INCREMENT=3 DEFAULT CHARSET=utf8 COLLATE=utf8_unicode_ci;

--
-- Data for table `craft_assetfolders`
--

INSERT INTO `craft_assetfolders` (`id`, `parentId`, `sourceId`, `name`, `path`, `dateCreated`, `dateUpdated`, `uid`) VALUES
 ('1', NULL, '1', 'Blog Images', '', '2015-11-09 16:15:03', '2015-11-09 16:38:30', '4c258261-9bfe-4e8d-b594-b036df639bb0'),
 ('2', NULL, '2', 'Home Images', '', '2015-11-09 16:36:04', '2015-11-09 16:36:04', '4d7f92c2-3b26-42ce-a314-56ce1b217fd9');




DROP TABLE IF EXISTS `craft_assetindexdata`;


--
-- Schema for table `craft_assetindexdata`
--
CREATE TABLE `craft_assetindexdata` (
  `id` int(11) NOT NULL AUTO_INCREMENT,
  `sessionId` varchar(36) COLLATE utf8_unicode_ci NOT NULL DEFAULT '',
  `sourceId` int(10) NOT NULL,
  `offset` int(10) NOT NULL,
  `uri` varchar(255) COLLATE utf8_unicode_ci DEFAULT NULL,
  `size` int(10) DEFAULT NULL,
  `recordId` int(10) DEFAULT NULL,
  `dateCreated` datetime NOT NULL,
  `dateUpdated` datetime NOT NULL,
  `uid` char(36) COLLATE utf8_unicode_ci NOT NULL DEFAULT '0',
  PRIMARY KEY (`id`),
  UNIQUE KEY `craft_assetindexdata_sessionId_sourceId_offset_unq_idx` (`sessionId`,`sourceId`,`offset`),
  KEY `craft_assetindexdata_sourceId_fk` (`sourceId`)
) ENGINE=InnoDB AUTO_INCREMENT=21 DEFAULT CHARSET=utf8 COLLATE=utf8_unicode_ci;

DROP TABLE IF EXISTS `craft_assetsources`;


--
-- Schema for table `craft_assetsources`
--
CREATE TABLE `craft_assetsources` (
  `id` int(11) NOT NULL AUTO_INCREMENT,
  `name` varchar(255) COLLATE utf8_unicode_ci NOT NULL,
  `handle` varchar(255) COLLATE utf8_unicode_ci NOT NULL,
  `type` varchar(150) COLLATE utf8_unicode_ci NOT NULL,
  `settings` text COLLATE utf8_unicode_ci,
  `sortOrder` tinyint(4) DEFAULT NULL,
  `fieldLayoutId` int(10) DEFAULT NULL,
  `dateCreated` datetime NOT NULL,
  `dateUpdated` datetime NOT NULL,
  `uid` char(36) COLLATE utf8_unicode_ci NOT NULL DEFAULT '0',
  PRIMARY KEY (`id`),
  UNIQUE KEY `craft_assetsources_name_unq_idx` (`name`),
  UNIQUE KEY `craft_assetsources_handle_unq_idx` (`handle`),
  KEY `craft_assetsources_fieldLayoutId_fk` (`fieldLayoutId`)
) ENGINE=InnoDB AUTO_INCREMENT=3 DEFAULT CHARSET=utf8 COLLATE=utf8_unicode_ci;

--
-- Data for table `craft_assetsources`
--

INSERT INTO `craft_assetsources` (`id`, `name`, `handle`, `type`, `settings`, `sortOrder`, `fieldLayoutId`, `dateCreated`, `dateUpdated`, `uid`) VALUES
 ('1', 'Blog Images', 'blogImages', 'Local', '{\"path\":\"{fileSystemPath}resources\\/images\\/uploads\\/blog_images\\/\",\"url\":\"\\/resources\\/images\\/uploads\\/blog_images\\/\"}', '2', '17', '2015-11-09 16:15:03', '2015-11-09 16:38:35', 'cfe0341f-4c67-4a1e-91a6-216cc5439d78'),
 ('2', 'Home Images', 'homeImages', 'Local', '{\"path\":\"{fileSystemPath}resources\\/images\\/uploads\\/home_images\\/\",\"url\":\"\\/resources\\/images\\/uploads\\/home_images\\/\"}', '1', '15', '2015-11-09 16:36:04', '2015-11-09 16:38:35', '716a821a-98d6-424d-bcf1-acd2c44050ee');




DROP TABLE IF EXISTS `craft_assettransformindex`;


--
-- Schema for table `craft_assettransformindex`
--
CREATE TABLE `craft_assettransformindex` (
  `id` int(11) NOT NULL AUTO_INCREMENT,
  `fileId` int(11) NOT NULL,
  `filename` varchar(255) COLLATE utf8_unicode_ci DEFAULT NULL,
  `format` varchar(255) COLLATE utf8_unicode_ci DEFAULT NULL,
  `location` varchar(255) COLLATE utf8_unicode_ci NOT NULL,
  `sourceId` int(11) DEFAULT NULL,
  `fileExists` tinyint(1) DEFAULT NULL,
  `inProgress` tinyint(1) DEFAULT NULL,
  `dateIndexed` datetime DEFAULT NULL,
  `dateCreated` datetime NOT NULL,
  `dateUpdated` datetime NOT NULL,
  `uid` char(36) COLLATE utf8_unicode_ci NOT NULL DEFAULT '0',
  PRIMARY KEY (`id`),
  KEY `craft_assettransformindex_sourceId_fileId_location_idx` (`sourceId`,`fileId`,`location`)
) ENGINE=InnoDB DEFAULT CHARSET=utf8 COLLATE=utf8_unicode_ci;

DROP TABLE IF EXISTS `craft_assettransforms`;


--
-- Schema for table `craft_assettransforms`
--
CREATE TABLE `craft_assettransforms` (
  `id` int(11) NOT NULL AUTO_INCREMENT,
  `name` varchar(255) COLLATE utf8_unicode_ci NOT NULL,
  `handle` varchar(255) COLLATE utf8_unicode_ci NOT NULL,
  `mode` enum('stretch','fit','crop') COLLATE utf8_unicode_ci NOT NULL DEFAULT 'crop',
  `position` enum('top-left','top-center','top-right','center-left','center-center','center-right','bottom-left','bottom-center','bottom-right') COLLATE utf8_unicode_ci NOT NULL DEFAULT 'center-center',
  `height` int(10) DEFAULT NULL,
  `width` int(10) DEFAULT NULL,
  `format` varchar(255) COLLATE utf8_unicode_ci DEFAULT NULL,
  `quality` int(10) DEFAULT NULL,
  `dimensionChangeTime` datetime DEFAULT NULL,
  `dateCreated` datetime NOT NULL,
  `dateUpdated` datetime NOT NULL,
  `uid` char(36) COLLATE utf8_unicode_ci NOT NULL DEFAULT '0',
  PRIMARY KEY (`id`),
  UNIQUE KEY `craft_assettransforms_name_unq_idx` (`name`),
  UNIQUE KEY `craft_assettransforms_handle_unq_idx` (`handle`)
) ENGINE=InnoDB DEFAULT CHARSET=utf8 COLLATE=utf8_unicode_ci;

DROP TABLE IF EXISTS `craft_categories`;


--
-- Schema for table `craft_categories`
--
CREATE TABLE `craft_categories` (
  `id` int(11) NOT NULL,
  `groupId` int(11) NOT NULL,
  `dateCreated` datetime NOT NULL,
  `dateUpdated` datetime NOT NULL,
  `uid` char(36) COLLATE utf8_unicode_ci NOT NULL DEFAULT '0',
  PRIMARY KEY (`id`),
  KEY `craft_categories_groupId_fk` (`groupId`)
) ENGINE=InnoDB DEFAULT CHARSET=utf8 COLLATE=utf8_unicode_ci;

--
-- Data for table `craft_categories`
--

INSERT INTO `craft_categories` (`id`, `groupId`, `dateCreated`, `dateUpdated`, `uid`) VALUES
 ('13', '1', '2015-11-10 17:51:49', '2015-11-10 17:51:49', '36970c55-8576-4c8f-a0a0-a4ca21837b71');




DROP TABLE IF EXISTS `craft_categorygroups`;


--
-- Schema for table `craft_categorygroups`
--
CREATE TABLE `craft_categorygroups` (
  `id` int(11) NOT NULL AUTO_INCREMENT,
  `structureId` int(11) NOT NULL,
  `fieldLayoutId` int(11) DEFAULT NULL,
  `name` varchar(255) COLLATE utf8_unicode_ci NOT NULL,
  `handle` varchar(255) COLLATE utf8_unicode_ci NOT NULL,
  `hasUrls` tinyint(1) unsigned NOT NULL DEFAULT '1',
  `template` varchar(500) COLLATE utf8_unicode_ci DEFAULT NULL,
  `dateCreated` datetime NOT NULL,
  `dateUpdated` datetime NOT NULL,
  `uid` char(36) COLLATE utf8_unicode_ci NOT NULL DEFAULT '0',
  PRIMARY KEY (`id`),
  UNIQUE KEY `craft_categorygroups_name_unq_idx` (`name`),
  UNIQUE KEY `craft_categorygroups_handle_unq_idx` (`handle`),
  KEY `craft_categorygroups_structureId_fk` (`structureId`),
  KEY `craft_categorygroups_fieldLayoutId_fk` (`fieldLayoutId`)
) ENGINE=InnoDB AUTO_INCREMENT=2 DEFAULT CHARSET=utf8 COLLATE=utf8_unicode_ci;

--
-- Data for table `craft_categorygroups`
--

INSERT INTO `craft_categorygroups` (`id`, `structureId`, `fieldLayoutId`, `name`, `handle`, `hasUrls`, `template`, `dateCreated`, `dateUpdated`, `uid`) VALUES
 ('1', '1', '12', 'InstaBlog Categories', 'instaBlogCategories', '1', 'blog/category', '2015-11-09 16:26:57', '2015-11-09 16:26:57', 'f2a2fcdd-9d5d-4d51-9a5d-7ed22d5ae2c9');




DROP TABLE IF EXISTS `craft_categorygroups_i18n`;


--
-- Schema for table `craft_categorygroups_i18n`
--
CREATE TABLE `craft_categorygroups_i18n` (
  `id` int(11) NOT NULL AUTO_INCREMENT,
  `groupId` int(11) NOT NULL,
  `locale` char(12) COLLATE utf8_unicode_ci NOT NULL,
  `urlFormat` text COLLATE utf8_unicode_ci,
  `nestedUrlFormat` text COLLATE utf8_unicode_ci,
  `dateCreated` datetime NOT NULL,
  `dateUpdated` datetime NOT NULL,
  `uid` char(36) COLLATE utf8_unicode_ci NOT NULL DEFAULT '0',
  PRIMARY KEY (`id`),
  UNIQUE KEY `craft_categorygroups_i18n_groupId_locale_unq_idx` (`groupId`,`locale`),
  KEY `craft_categorygroups_i18n_locale_fk` (`locale`)
) ENGINE=InnoDB AUTO_INCREMENT=2 DEFAULT CHARSET=utf8 COLLATE=utf8_unicode_ci;

--
-- Data for table `craft_categorygroups_i18n`
--

INSERT INTO `craft_categorygroups_i18n` (`id`, `groupId`, `locale`, `urlFormat`, `nestedUrlFormat`, `dateCreated`, `dateUpdated`, `uid`) VALUES
 ('1', '1', 'en_us', 'blog/category/{slug}', NULL, '2015-11-09 16:26:57', '2015-11-09 16:26:57', '5af7c8d2-970d-4189-a1c7-fb83efa1d2a5');




DROP TABLE IF EXISTS `craft_content`;


--
-- Schema for table `craft_content`
--
CREATE TABLE `craft_content` (
  `id` int(11) NOT NULL AUTO_INCREMENT,
  `elementId` int(11) NOT NULL,
  `locale` char(12) COLLATE utf8_unicode_ci NOT NULL,
  `title` varchar(255) COLLATE utf8_unicode_ci DEFAULT NULL,
  `field_body` text COLLATE utf8_unicode_ci,
  `field_instaBlogBody` text COLLATE utf8_unicode_ci,
  `field_instaBlogFacebook` text COLLATE utf8_unicode_ci,
  `field_instaBlogTwitter` text COLLATE utf8_unicode_ci,
  `field_instaBlogGooglePlus` text COLLATE utf8_unicode_ci,
  `field_instaBlogLinkedin` text COLLATE utf8_unicode_ci,
  `field_bookLink` text COLLATE utf8_unicode_ci,
  `field_facebook` text COLLATE utf8_unicode_ci,
  `field_twitter` text COLLATE utf8_unicode_ci,
  `field_metaTitle` text COLLATE utf8_unicode_ci,
  `field_metaDescription` text COLLATE utf8_unicode_ci,
  `field_bookCopy` text COLLATE utf8_unicode_ci,
  `field_bookCta` text COLLATE utf8_unicode_ci,
  `field_sampleCta` text COLLATE utf8_unicode_ci,
  `field_authorCopy` text COLLATE utf8_unicode_ci,
  `field_address` text COLLATE utf8_unicode_ci,
  `field_date` datetime DEFAULT NULL,
  `field_bannerCopy` text COLLATE utf8_unicode_ci,
  `field_bannerCta` text COLLATE utf8_unicode_ci,
  `field_header` text COLLATE utf8_unicode_ci,
  `field_shareHeader` text COLLATE utf8_unicode_ci,
  `field_eventsHeader` text COLLATE utf8_unicode_ci,
  `field_formName` text COLLATE utf8_unicode_ci,
  `field_formEmail` varchar(255) COLLATE utf8_unicode_ci DEFAULT NULL,
  `field_formMessages` text COLLATE utf8_unicode_ci,
  `field_blogCta` text COLLATE utf8_unicode_ci,
  `field_facebookCta` text COLLATE utf8_unicode_ci,
  `field_blogHeader` text COLLATE utf8_unicode_ci,
  `field_blogDescription` text COLLATE utf8_unicode_ci,
  `field_sampleCopy` text COLLATE utf8_unicode_ci,
  `field_sampleHeader` text COLLATE utf8_unicode_ci,
  `dateCreated` datetime NOT NULL,
  `dateUpdated` datetime NOT NULL,
  `uid` char(36) COLLATE utf8_unicode_ci NOT NULL DEFAULT '0',
  PRIMARY KEY (`id`),
  UNIQUE KEY `craft_content_elementId_locale_unq_idx` (`elementId`,`locale`),
  KEY `craft_content_title_idx` (`title`),
  KEY `craft_content_locale_fk` (`locale`)
) ENGINE=InnoDB AUTO_INCREMENT=36 DEFAULT CHARSET=utf8 COLLATE=utf8_unicode_ci;

--
-- Data for table `craft_content`
--

INSERT INTO `craft_content` (`id`, `elementId`, `locale`, `title`, `field_body`, `field_instaBlogBody`, `field_instaBlogFacebook`, `field_instaBlogTwitter`, `field_instaBlogGooglePlus`, `field_instaBlogLinkedin`, `field_bookLink`, `field_facebook`, `field_twitter`, `field_metaTitle`, `field_metaDescription`, `field_bookCopy`, `field_bookCta`, `field_sampleCta`, `field_authorCopy`, `field_address`, `field_date`, `field_bannerCopy`, `field_bannerCta`, `field_header`, `field_shareHeader`, `field_eventsHeader`, `field_formName`, `field_formEmail`, `field_formMessages`, `field_blogCta`, `field_facebookCta`, `field_blogHeader`, `field_blogDescription`, `field_sampleCopy`, `field_sampleHeader`, `dateCreated`, `dateUpdated`, `uid`) VALUES
 ('1', '1', 'en_us', NULL, NULL, NULL, NULL, NULL, NULL, NULL, NULL, NULL, NULL, NULL, NULL, NULL, NULL, NULL, NULL, NULL, NULL, NULL, NULL, NULL, NULL, NULL, NULL, NULL, NULL, NULL, NULL, NULL, NULL, NULL, NULL, '2015-11-09 16:10:42', '2015-11-09 16:10:42', '61b5e66c-8d77-479b-9711-ea3b85200c64'),
 ('2', '2', 'en_us', 'Home', '<p>It’s true, this site doesn’t have a whole lot of content yet, but don’t worry. Our web developers have just installed the CMS, and they’re setting things up for the content editors this very moment. Soon Craft.dev will be an oasis of fresh perspectives, sharp analyses, and astute opinions that will keep you coming back again and again.</p>', NULL, NULL, NULL, NULL, NULL, NULL, NULL, NULL, '', '', '<h1>Discover God Daily</h1>\r\n\r\n<h3>Grow closer to the Lord by discovering his presence all around you. </h3>\r\n\r\n\r\n\r\n\r\n\r\n<p>Every day, God reveals himself through the smallest details in our lives. But how often do you take the time to recognize and appreciate these moments? Reflect on God’s blessings with <em>Finding God in the Everyday</em>&mdash;365 daily readings to open your heart to his presence in the world he has created.</p>', 'Buy the Book', 'Read a Sample Reflection', '<p>Janet Evans is married and lives in Dallas, Texas. She has four children who are married and seven precious grandchildren. Having survived pancreatic cancer at the age of 52, she began to know God in a mighty way as he walked her through this journey. Her daily readings are&nbsp;a result of that journey. She continues to write, seeing God reveal himself as each day unfolds. Her hope is that those who read these daily thoughts are encouraged and equipped to see our Lord as they go about each day, for he is always with us. </p>', NULL, NULL, '<p>Every day, God reveals himself through the smallest details in our lives. But how often do you take the time to recognize and appreciate these moments? Reflect on God’s blessings with <em>Finding God in the Everyday</em>&mdash;365 daily readings to open your heart to his presence in the world he has created. </p>', 'Buy the Book', NULL, 'share this page', 'Upcoming Events', NULL, NULL, NULL, 'Janet\'s Latest Blog Post', 'Connect with Janet', NULL, NULL, '<h2>All Things Bright and Beautiful</h2>\r\n\r\n<h4>He has made everything beautiful in its time.</h4>\r\n\r\n\r\n\r\n\r\n\r\n<h4>&mdash;Ecclesiastes 3:11</h4>\r\n\r\n\r\n\r\n\r\n\r\n<p>Walking today, I saw the most gorgeous bright blue butterfly, floating through the air on its gossamer wings. Then I saw a precious squirrel running through the grass with a nut in his mouth. God’s beautiful creatures out and about living gloriously in this beautiful weather on God’s great earth. And then comes winter, the temperature drops, trees lose their leaves, flowers wilt, and it’s time for all of nature to draw in, resting and restoring until spring returns again. These gorgeous electric-blue butterflies hibernate, and the squirrels huddle up, trying to survive on the hidden nuts they have stored for this wintry time of life. Sometimes we meet such a season as this, a wintry freeze of life where we need to pull away from the world and surround ourselves with God’s love and protection just as his precious animals in nature do during the winter months. There are just such times as these, no matter what the month of the year may be, when we must draw ourselves to our Lord and rest there until we move through the frozen and debilitating challenges of life. During this time, our Father wants us to draw near to him for warmth, letting him deal with the icy, freezing weather we are facing, leaving us wrapped in the warmth of his protective arms. We are covered for protection by our Lord’s love as he goes forth to bring resolution to whatever it is that we are working through during this time of cold and barren living. How great it is to have a Father who will always be there to deal with those times of life that take us to a wintry place where we don’t want to go and certainly don’t want to stay. He knows that it is only a matter of time until he warms everything</p>', 'Sample Reflection', '2015-11-09 16:10:43', '2015-12-18 19:42:12', '6d2ebada-45ef-4cc0-a1f5-f3df0632b446'),
 ('3', '3', 'en_us', 'Ladies Literary Club', 'Assertively architect enterprise methods of empowerment.', NULL, NULL, NULL, NULL, NULL, NULL, NULL, NULL, NULL, NULL, NULL, NULL, NULL, NULL, '123 Easy St. Dallas,TX 75201', '2015-11-17 03:00:00', NULL, NULL, NULL, NULL, NULL, NULL, NULL, NULL, NULL, NULL, NULL, NULL, NULL, NULL, '2015-11-09 16:10:43', '2015-11-09 17:05:02', 'e4da452f-3012-4f63-8553-00a8e3261396'),
 ('5', '5', 'en_us', 'book-white-small', NULL, NULL, NULL, NULL, NULL, NULL, NULL, NULL, NULL, NULL, NULL, NULL, NULL, NULL, NULL, NULL, NULL, NULL, NULL, NULL, NULL, NULL, NULL, NULL, NULL, NULL, NULL, NULL, NULL, NULL, NULL, '2015-11-09 16:18:43', '2015-12-15 15:46:58', 'ac036528-e4f7-41f7-8608-4a1f10091146'),
 ('6', '6', 'en_us', 'connect-background', NULL, NULL, NULL, NULL, NULL, NULL, NULL, NULL, NULL, NULL, NULL, NULL, NULL, NULL, NULL, NULL, NULL, NULL, NULL, NULL, NULL, NULL, NULL, NULL, NULL, NULL, NULL, NULL, NULL, NULL, NULL, '2015-11-09 16:18:55', '2015-12-15 15:46:58', '86fe805e-7858-4fd5-aef7-2d733de778b2'),
 ('7', '7', 'en_us', 'janet', NULL, NULL, NULL, NULL, NULL, NULL, NULL, NULL, NULL, NULL, NULL, NULL, NULL, NULL, NULL, NULL, NULL, NULL, NULL, NULL, NULL, NULL, NULL, NULL, NULL, NULL, NULL, NULL, NULL, NULL, NULL, '2015-11-09 16:19:01', '2015-12-15 15:46:57', 'bbec0065-2aa1-4761-81d9-11e2cbd17261'),
 ('9', '9', 'en_us', 'Local Bookstore', '<p>Ladies Literary Club</p>', NULL, NULL, NULL, NULL, NULL, NULL, NULL, NULL, NULL, NULL, NULL, NULL, NULL, NULL, '123 Easy St. Dallas,TX 75201', '2015-11-11 13:00:00', NULL, NULL, NULL, NULL, NULL, NULL, NULL, NULL, NULL, NULL, NULL, NULL, NULL, NULL, '2015-11-09 17:05:39', '2015-11-09 17:05:39', '9b5e47fc-dae8-4087-80de-32eff9d2126d'),
 ('10', '10', 'en_us', 'Local Bookstore 2', '<p>Assertively architect enterprise methods of empowerment.</p>', NULL, NULL, NULL, NULL, NULL, NULL, NULL, NULL, NULL, NULL, NULL, NULL, NULL, NULL, '123 Easy St. Dallas,TX 75201', '2015-11-12 03:00:00', NULL, NULL, NULL, NULL, NULL, NULL, NULL, NULL, NULL, NULL, NULL, NULL, NULL, NULL, '2015-11-09 17:06:58', '2015-11-09 17:06:58', '6e23a168-6ac3-446d-9031-7a8ed900d829'),
 ('12', '12', 'en_us', 'tag1', NULL, NULL, NULL, NULL, NULL, NULL, NULL, NULL, NULL, NULL, NULL, NULL, NULL, NULL, NULL, NULL, NULL, NULL, NULL, NULL, NULL, NULL, NULL, NULL, NULL, NULL, NULL, NULL, NULL, NULL, NULL, '2015-11-10 17:51:30', '2015-11-10 17:51:30', 'c27584aa-37ed-4c81-b7d0-88357449068c'),
 ('13', '13', 'en_us', 'cat1', NULL, '', NULL, NULL, NULL, NULL, NULL, NULL, NULL, NULL, NULL, NULL, NULL, NULL, NULL, NULL, NULL, NULL, NULL, NULL, NULL, NULL, NULL, NULL, NULL, NULL, NULL, NULL, NULL, NULL, NULL, '2015-11-10 17:51:48', '2015-11-10 17:51:48', '6eb724b2-a223-4add-aa4f-cd15b4099b37'),
 ('14', '14', 'en_us', 'tag2', NULL, NULL, NULL, NULL, NULL, NULL, NULL, NULL, NULL, NULL, NULL, NULL, NULL, NULL, NULL, NULL, NULL, NULL, NULL, NULL, NULL, NULL, NULL, NULL, NULL, NULL, NULL, NULL, NULL, NULL, NULL, '2015-11-10 17:52:31', '2015-11-10 17:52:31', '8dbe0730-f1dd-4623-a805-cc48eed93d3d'),
 ('18', '18', 'en_us', NULL, NULL, NULL, NULL, NULL, NULL, NULL, '', 'http://www.google.com', 'http://www.google.com', '', '', NULL, NULL, NULL, NULL, NULL, NULL, NULL, NULL, NULL, NULL, NULL, NULL, NULL, NULL, NULL, NULL, NULL, NULL, NULL, NULL, '2015-11-10 18:05:01', '2015-11-25 15:33:30', '1c312317-83ce-467e-9cdd-28ab66a6f679'),
 ('19', '19', 'en_us', NULL, NULL, NULL, NULL, NULL, NULL, NULL, NULL, NULL, NULL, NULL, NULL, NULL, NULL, NULL, NULL, NULL, NULL, NULL, NULL, NULL, NULL, NULL, NULL, NULL, NULL, NULL, NULL, 'Where did you find God today?', 'Musings, thoughts, and reflections from Janet Evans', NULL, NULL, '2015-11-10 18:05:19', '2015-11-10 18:05:46', '00cfed61-b61e-4f6b-a62e-93687c83589b'),
 ('20', '20', 'en_us', 'JanetEvans Cover', NULL, NULL, NULL, NULL, NULL, NULL, NULL, NULL, NULL, NULL, NULL, NULL, NULL, NULL, NULL, NULL, NULL, NULL, NULL, NULL, NULL, NULL, NULL, NULL, NULL, NULL, NULL, NULL, NULL, NULL, NULL, '2015-12-15 15:24:57', '2015-12-15 15:46:57', '67d1769c-84fe-4fc5-bea5-a5afd7055083'),
 ('23', '23', 'en_us', 'image3', NULL, NULL, NULL, NULL, NULL, NULL, NULL, NULL, NULL, NULL, NULL, NULL, NULL, NULL, NULL, NULL, NULL, NULL, NULL, NULL, NULL, NULL, NULL, NULL, NULL, NULL, NULL, NULL, NULL, NULL, NULL, '2015-12-15 15:25:38', '2015-12-15 15:46:59', '2a56f549-0b16-4916-a525-49be4bc4168f'),
 ('24', '24', 'en_us', 'This is a Blog with a Really Long Title', NULL, '<p>Energistically optimize plug-and-play infrastructures whereas cross-media ROI. Objectively cultivate empowered opportunities..</p>', NULL, NULL, NULL, NULL, NULL, NULL, NULL, NULL, NULL, NULL, NULL, NULL, NULL, NULL, NULL, NULL, NULL, NULL, NULL, NULL, NULL, NULL, NULL, NULL, NULL, NULL, NULL, NULL, NULL, '2015-12-15 15:37:18', '2015-12-15 15:46:50', '8b25bdb1-f713-4bdd-9b54-e8951c475f9a'),
 ('25', '25', 'en_us', 'Blog Post One', NULL, '<p>Energistically optimize plug-and-play infrastructures whereas cross-media ROI. Objectively cultivate empowered opportunities without synergistic value.</p>', NULL, NULL, NULL, NULL, NULL, NULL, NULL, NULL, NULL, NULL, NULL, NULL, NULL, NULL, NULL, NULL, NULL, NULL, NULL, NULL, NULL, NULL, NULL, NULL, NULL, NULL, NULL, NULL, NULL, '2015-12-15 15:38:29', '2015-12-15 15:46:44', '31e6d166-c837-44df-983d-121c51addbfb'),
 ('26', '26', 'en_us', 'Blog Post Two', NULL, '<p>Energistically optimize plug-and-play infrastructures whereas cross-media ROI. Objectively cultivate empowered opportunities without synergistic value.</p>', NULL, NULL, NULL, NULL, NULL, NULL, NULL, NULL, NULL, NULL, NULL, NULL, NULL, NULL, NULL, NULL, NULL, NULL, NULL, NULL, NULL, NULL, NULL, NULL, NULL, NULL, NULL, NULL, NULL, '2015-12-15 15:39:02', '2015-12-15 15:39:02', '95913a35-0610-4a5a-944b-8d5c7d6926fa'),
 ('27', '27', 'en_us', 'Blog Post Three', NULL, '<p>Energistically optimize plug-and-play infrastructures whereas cross-media ROI. Objectively cultivate empowered opportunities without synergistic value.</p>', NULL, NULL, NULL, NULL, NULL, NULL, NULL, NULL, NULL, NULL, NULL, NULL, NULL, NULL, NULL, NULL, NULL, NULL, NULL, NULL, NULL, NULL, NULL, NULL, NULL, NULL, NULL, NULL, NULL, '2015-12-15 15:39:30', '2015-12-15 15:46:35', 'ea5e33ae-0cef-4b8a-a34e-e86128503e78'),
 ('28', '28', 'en_us', 'Blog Post Four', NULL, '<p>Energistically optimize plug-and-play infrastructures whereas cross-media ROI. Objectively cultivate empowered opportunities without synergistic value.</p>', NULL, NULL, NULL, NULL, NULL, NULL, NULL, NULL, NULL, NULL, NULL, NULL, NULL, NULL, NULL, NULL, NULL, NULL, NULL, NULL, NULL, NULL, NULL, NULL, NULL, NULL, NULL, NULL, NULL, '2015-12-15 15:40:17', '2015-12-15 15:40:17', '5d39550f-01b2-4db6-91e0-7d1df91a2ff7'),
 ('29', '29', 'en_us', 'This is a Blog with a Really Long Title Too', NULL, '<p>Energistically optimize plug-and-play infrastructures whereas cross-media ROI. Objectively cultivate empowered opportunities..</p>', NULL, NULL, NULL, NULL, NULL, NULL, NULL, NULL, NULL, NULL, NULL, NULL, NULL, NULL, NULL, NULL, NULL, NULL, NULL, NULL, NULL, NULL, NULL, NULL, NULL, NULL, NULL, NULL, NULL, '2015-12-15 15:40:56', '2015-12-15 15:46:26', 'df1b055d-e21a-4ed9-93e8-95865612c9ac'),
 ('33', '33', 'en_us', 'image1', NULL, NULL, NULL, NULL, NULL, NULL, NULL, NULL, NULL, NULL, NULL, NULL, NULL, NULL, NULL, NULL, NULL, NULL, NULL, NULL, NULL, NULL, NULL, NULL, NULL, NULL, NULL, NULL, NULL, NULL, NULL, '2015-12-15 15:45:55', '2015-12-15 15:46:58', '9765aac5-ae7e-4275-86c1-22fd72e23cfc'),
 ('34', '34', 'en_us', 'image2', NULL, NULL, NULL, NULL, NULL, NULL, NULL, NULL, NULL, NULL, NULL, NULL, NULL, NULL, NULL, NULL, NULL, NULL, NULL, NULL, NULL, NULL, NULL, NULL, NULL, NULL, NULL, NULL, NULL, NULL, NULL, '2015-12-15 15:45:55', '2015-12-15 15:46:59', '4d6ab79d-7466-4eb8-a1f0-24ec534197cd'),
 ('35', '35', 'en_us', 'Mobile Cover', NULL, NULL, NULL, NULL, NULL, NULL, NULL, NULL, NULL, NULL, NULL, NULL, NULL, NULL, NULL, NULL, NULL, NULL, NULL, NULL, NULL, NULL, NULL, NULL, NULL, NULL, NULL, NULL, NULL, NULL, NULL, '2015-12-15 16:35:47', '2015-12-15 16:35:47', '42e555b9-8043-4034-921e-6b5f7e4e62b1');




DROP TABLE IF EXISTS `craft_deprecationerrors`;


--
-- Schema for table `craft_deprecationerrors`
--
CREATE TABLE `craft_deprecationerrors` (
  `id` int(11) NOT NULL AUTO_INCREMENT,
  `key` varchar(255) COLLATE utf8_unicode_ci NOT NULL,
  `fingerprint` varchar(255) COLLATE utf8_unicode_ci NOT NULL,
  `lastOccurrence` datetime NOT NULL,
  `file` varchar(255) COLLATE utf8_unicode_ci NOT NULL,
  `line` smallint(6) unsigned NOT NULL,
  `class` varchar(255) COLLATE utf8_unicode_ci DEFAULT NULL,
  `method` varchar(255) COLLATE utf8_unicode_ci DEFAULT NULL,
  `template` varchar(255) COLLATE utf8_unicode_ci DEFAULT NULL,
  `templateLine` smallint(6) unsigned DEFAULT NULL,
  `message` varchar(255) COLLATE utf8_unicode_ci DEFAULT NULL,
  `traces` text COLLATE utf8_unicode_ci,
  `dateCreated` datetime NOT NULL,
  `dateUpdated` datetime NOT NULL,
  `uid` char(36) COLLATE utf8_unicode_ci NOT NULL DEFAULT '0',
  PRIMARY KEY (`id`),
  UNIQUE KEY `craft_deprecationerrors_key_fingerprint_unq_idx` (`key`,`fingerprint`)
) ENGINE=InnoDB AUTO_INCREMENT=3 DEFAULT CHARSET=utf8 COLLATE=utf8_unicode_ci;

DROP TABLE IF EXISTS `craft_elementindexsettings`;


--
-- Schema for table `craft_elementindexsettings`
--
CREATE TABLE `craft_elementindexsettings` (
  `id` int(11) NOT NULL AUTO_INCREMENT,
  `type` varchar(150) COLLATE utf8_unicode_ci NOT NULL,
  `settings` text COLLATE utf8_unicode_ci,
  `dateCreated` datetime NOT NULL,
  `dateUpdated` datetime NOT NULL,
  `uid` char(36) COLLATE utf8_unicode_ci NOT NULL DEFAULT '0',
  PRIMARY KEY (`id`),
  UNIQUE KEY `craft_elementindexsettings_type_unq_idx` (`type`)
) ENGINE=InnoDB DEFAULT CHARSET=utf8 COLLATE=utf8_unicode_ci;

DROP TABLE IF EXISTS `craft_elements`;


--
-- Schema for table `craft_elements`
--
CREATE TABLE `craft_elements` (
  `id` int(11) NOT NULL AUTO_INCREMENT,
  `type` varchar(150) COLLATE utf8_unicode_ci NOT NULL,
  `enabled` tinyint(1) unsigned NOT NULL DEFAULT '1',
  `archived` tinyint(1) unsigned NOT NULL DEFAULT '0',
  `dateCreated` datetime NOT NULL,
  `dateUpdated` datetime NOT NULL,
  `uid` char(36) COLLATE utf8_unicode_ci NOT NULL DEFAULT '0',
  PRIMARY KEY (`id`),
  KEY `craft_elements_type_idx` (`type`),
  KEY `craft_elements_enabled_idx` (`enabled`),
  KEY `craft_elements_archived_dateCreated_idx` (`archived`,`dateCreated`)
) ENGINE=InnoDB AUTO_INCREMENT=36 DEFAULT CHARSET=utf8 COLLATE=utf8_unicode_ci;

--
-- Data for table `craft_elements`
--

INSERT INTO `craft_elements` (`id`, `type`, `enabled`, `archived`, `dateCreated`, `dateUpdated`, `uid`) VALUES
 ('1', 'User', '1', '0', '2015-11-09 16:10:42', '2015-11-09 16:10:42', '099a3abd-7f1f-4d06-a445-6e51ded5b3d0'),
 ('2', 'Entry', '1', '0', '2015-11-09 16:10:43', '2015-12-18 19:42:12', '74cc37e1-2841-45a7-9b2d-f955a756172b'),
 ('3', 'Entry', '1', '0', '2015-11-09 16:10:43', '2015-11-09 17:05:02', '41626303-c104-47d4-9e20-1f430809bba7'),
 ('5', 'Asset', '1', '0', '2015-11-09 16:18:43', '2015-12-15 15:46:58', 'cc86a917-f08b-46bf-b4ae-d5ea9a08dab9'),
 ('6', 'Asset', '1', '0', '2015-11-09 16:18:55', '2015-12-15 15:46:58', 'b416e5d1-2e91-4ebc-bfd0-be547fa5bdd0'),
 ('7', 'Asset', '1', '0', '2015-11-09 16:19:01', '2015-12-15 15:46:57', '27455c17-4d51-4885-9071-54d483e3cd30'),
 ('9', 'Entry', '1', '0', '2015-11-09 17:05:39', '2015-11-09 17:05:39', '62c50834-5595-4c57-adf4-b891185dca49'),
 ('10', 'Entry', '1', '0', '2015-11-09 17:06:58', '2015-11-09 17:06:58', '26e6a82c-d93b-485f-a32e-2ae29008cd97'),
 ('12', 'Tag', '1', '0', '2015-11-10 17:51:30', '2015-11-10 17:51:30', '4e445370-6d90-4e80-a890-278a5550387f'),
 ('13', 'Category', '1', '0', '2015-11-10 17:51:48', '2015-11-10 17:51:48', 'd8bee05a-e0f3-4cda-ac4e-d91ecc7c5669'),
 ('14', 'Tag', '1', '0', '2015-11-10 17:52:31', '2015-11-10 17:52:31', '349418fd-855f-4b1e-ab3a-36ac5b70f4a9'),
 ('18', 'GlobalSet', '1', '0', '2015-11-10 18:05:01', '2015-11-25 15:33:30', '1aea3bbc-930d-456c-b155-be3452827cc9'),
 ('19', 'GlobalSet', '1', '0', '2015-11-10 18:05:19', '2015-11-10 18:05:46', 'ba572f3c-2a1f-4567-a93d-a897cdf3b951'),
 ('20', 'Asset', '1', '0', '2015-12-15 15:24:57', '2015-12-15 15:46:57', '870569bf-ac7e-4d94-a459-326ba852b97f'),
 ('23', 'Asset', '1', '0', '2015-12-15 15:25:38', '2015-12-15 15:46:59', '94f88bf9-cd58-4297-b0e2-f526906c1c28'),
 ('24', 'Entry', '1', '0', '2015-12-15 15:37:18', '2015-12-15 15:46:50', '7622442b-7569-4f2b-b3b1-9a75b968a333'),
 ('25', 'Entry', '1', '0', '2015-12-15 15:38:29', '2015-12-15 15:46:44', '2af021f3-4aa6-4f00-8710-a2c30285557c'),
 ('26', 'Entry', '1', '0', '2015-12-15 15:39:02', '2015-12-15 15:39:02', 'cd62e5c5-b96b-4b97-8486-876d4e737634'),
 ('27', 'Entry', '1', '0', '2015-12-15 15:39:30', '2015-12-15 15:46:35', '7fdcdf1e-fc21-4ea1-a6de-16958c9f352b'),
 ('28', 'Entry', '1', '0', '2015-12-15 15:40:17', '2015-12-15 15:40:17', '2b529565-6819-46c3-a08f-86d177f76940'),
 ('29', 'Entry', '1', '0', '2015-12-15 15:40:56', '2015-12-15 15:46:26', '972ba066-59c3-4f87-bea5-10eea13d1aad'),
 ('33', 'Asset', '1', '0', '2015-12-15 15:45:55', '2015-12-15 15:46:58', '44e94d1d-fcb9-45a4-b07d-3a7030bfcd2c'),
 ('34', 'Asset', '1', '0', '2015-12-15 15:45:55', '2015-12-15 15:46:59', 'c362cf6f-37cb-43e2-87d1-ffd6191809e0'),
 ('35', 'Asset', '1', '0', '2015-12-15 16:35:47', '2015-12-15 16:35:47', '4d9954ae-ed47-40c2-aa7f-b4fe01773c76');




DROP TABLE IF EXISTS `craft_elements_i18n`;


--
-- Schema for table `craft_elements_i18n`
--
CREATE TABLE `craft_elements_i18n` (
  `id` int(11) NOT NULL AUTO_INCREMENT,
  `elementId` int(11) NOT NULL,
  `locale` char(12) COLLATE utf8_unicode_ci NOT NULL,
  `slug` varchar(255) COLLATE utf8_unicode_ci DEFAULT NULL,
  `uri` varchar(255) COLLATE utf8_unicode_ci DEFAULT NULL,
  `enabled` tinyint(1) unsigned NOT NULL DEFAULT '1',
  `dateCreated` datetime NOT NULL,
  `dateUpdated` datetime NOT NULL,
  `uid` char(36) COLLATE utf8_unicode_ci NOT NULL DEFAULT '0',
  PRIMARY KEY (`id`),
  UNIQUE KEY `craft_elements_i18n_elementId_locale_unq_idx` (`elementId`,`locale`),
  UNIQUE KEY `craft_elements_i18n_uri_locale_unq_idx` (`uri`,`locale`),
  KEY `craft_elements_i18n_slug_locale_idx` (`slug`,`locale`),
  KEY `craft_elements_i18n_enabled_idx` (`enabled`),
  KEY `craft_elements_i18n_locale_fk` (`locale`)
) ENGINE=InnoDB AUTO_INCREMENT=36 DEFAULT CHARSET=utf8 COLLATE=utf8_unicode_ci;

--
-- Data for table `craft_elements_i18n`
--

INSERT INTO `craft_elements_i18n` (`id`, `elementId`, `locale`, `slug`, `uri`, `enabled`, `dateCreated`, `dateUpdated`, `uid`) VALUES
 ('1', '1', 'en_us', '', NULL, '1', '2015-11-09 16:10:42', '2015-11-09 16:10:42', 'd7e203ed-1839-4946-a17a-92cfbc33c2fd'),
 ('2', '2', 'en_us', 'homepage', '__home__', '1', '2015-11-09 16:10:43', '2015-12-18 19:42:12', '199f297f-fc0b-4a34-a956-dec51903b4b3'),
 ('3', '3', 'en_us', 'we-just-installed-craft', 'events/2015/we-just-installed-craft', '1', '2015-11-09 16:10:43', '2015-11-09 17:05:02', '38ffffbf-ff7b-4d3b-adf6-739d6c06a9cb'),
 ('5', '5', 'en_us', 'book-white-small', NULL, '1', '2015-11-09 16:18:43', '2015-12-15 15:46:58', '82cc16c5-0485-4d40-8e19-64f23ea9c579'),
 ('6', '6', 'en_us', 'connect-background', NULL, '1', '2015-11-09 16:18:55', '2015-12-15 15:46:58', 'dc0c9695-a368-4481-8d25-194d6c922d63'),
 ('7', '7', 'en_us', 'janet', NULL, '1', '2015-11-09 16:19:01', '2015-12-15 15:46:58', '37343f04-bc70-43ff-ad25-b728620761c0'),
 ('9', '9', 'en_us', 'local-bookstore', 'events/2015/local-bookstore', '1', '2015-11-09 17:05:39', '2015-11-09 17:05:39', '5a572943-0baa-467f-9081-e4ce1af0f92a'),
 ('10', '10', 'en_us', 'local-bookstore-2', 'events/2015/local-bookstore-2', '1', '2015-11-09 17:06:58', '2015-11-09 17:06:58', 'c0ff61c3-3df2-455b-8bef-9903d231828d'),
 ('12', '12', 'en_us', 'tag1', NULL, '1', '2015-11-10 17:51:30', '2015-11-10 17:51:30', '23d28702-1d60-4f5e-9859-33c3be4a87a3'),
 ('13', '13', 'en_us', 'cat1', 'blog/category/cat1', '1', '2015-11-10 17:51:49', '2015-11-10 17:51:50', '5c3b472a-7447-47f2-95ea-84ee02d7c388'),
 ('14', '14', 'en_us', 'tag2', NULL, '1', '2015-11-10 17:52:31', '2015-11-10 17:52:31', 'c42a79d1-0bbd-464a-9f43-911e49479518'),
 ('18', '18', 'en_us', '', NULL, '1', '2015-11-10 18:05:01', '2015-11-25 15:33:30', '6c406c8a-740d-4b2a-a522-b85f93e51592'),
 ('19', '19', 'en_us', '', NULL, '1', '2015-11-10 18:05:19', '2015-11-10 18:05:46', 'aff9de9f-2b76-4175-9fe2-ced77a434076'),
 ('20', '20', 'en_us', 'janetevans-cover', NULL, '1', '2015-12-15 15:24:57', '2015-12-15 15:46:57', '8e9b899c-b111-49d5-9cd2-703773c3bcd3'),
 ('23', '23', 'en_us', 'image3', NULL, '1', '2015-12-15 15:25:38', '2015-12-15 15:46:59', '1ef36763-117b-4947-ad6a-550394c6fcef'),
 ('24', '24', 'en_us', 'this-is-a-blog-with-a-really-long-title', 'blog/this-is-a-blog-with-a-really-long-title', '1', '2015-12-15 15:37:18', '2015-12-15 15:46:50', '734592d7-90ef-4e9d-90ea-a5dc6ad31c26'),
 ('25', '25', 'en_us', 'blog-post-one', 'blog/blog-post-one', '1', '2015-12-15 15:38:30', '2015-12-15 15:46:44', '37d51b2a-758b-4b9d-b56a-fd8e13a62c47'),
 ('26', '26', 'en_us', 'blog-post-two', 'blog/blog-post-two', '1', '2015-12-15 15:39:02', '2015-12-15 15:39:02', '4d305a3f-6ed8-42e8-8bda-08ab5fdf0a12'),
 ('27', '27', 'en_us', 'blog-post-three', 'blog/blog-post-three', '1', '2015-12-15 15:39:30', '2015-12-15 15:46:36', 'd6dafe4d-1342-4f34-9c5c-62e59d848b7d'),
 ('28', '28', 'en_us', 'blog-post-four', 'blog/blog-post-four', '1', '2015-12-15 15:40:17', '2015-12-15 15:40:17', '3e5863b5-3c9a-434f-aaa4-140416396142'),
 ('29', '29', 'en_us', 'this-is-a-blog-with-a-really-long-title-too', 'blog/this-is-a-blog-with-a-really-long-title-too', '1', '2015-12-15 15:40:56', '2015-12-15 15:46:26', '93de436d-c72a-4c62-890f-a840ef4e820e'),
 ('33', '33', 'en_us', 'image1', NULL, '1', '2015-12-15 15:45:55', '2015-12-15 15:46:58', 'f1594399-dbc4-4392-ae5d-844b39d8e284'),
 ('34', '34', 'en_us', 'image2', NULL, '1', '2015-12-15 15:45:55', '2015-12-15 15:46:59', '6ffeb2fc-f99a-4828-a36c-bc76c3fd5eab'),
 ('35', '35', 'en_us', 'mobile-cover', NULL, '1', '2015-12-15 16:35:47', '2015-12-15 16:35:47', 'a6f95920-e777-4be2-bcfd-1456b00639e1');




DROP TABLE IF EXISTS `craft_emailmessages`;


--
-- Schema for table `craft_emailmessages`
--
CREATE TABLE `craft_emailmessages` (
  `id` int(11) NOT NULL AUTO_INCREMENT,
  `key` char(150) COLLATE utf8_unicode_ci NOT NULL,
  `locale` char(12) COLLATE utf8_unicode_ci NOT NULL,
  `subject` varchar(1000) COLLATE utf8_unicode_ci NOT NULL,
  `body` text COLLATE utf8_unicode_ci NOT NULL,
  `dateCreated` datetime NOT NULL,
  `dateUpdated` datetime NOT NULL,
  `uid` char(36) COLLATE utf8_unicode_ci NOT NULL DEFAULT '0',
  PRIMARY KEY (`id`),
  UNIQUE KEY `craft_emailmessages_key_locale_unq_idx` (`key`,`locale`),
  KEY `craft_emailmessages_locale_fk` (`locale`)
) ENGINE=InnoDB DEFAULT CHARSET=utf8 COLLATE=utf8_unicode_ci;

DROP TABLE IF EXISTS `craft_entries`;


--
-- Schema for table `craft_entries`
--
CREATE TABLE `craft_entries` (
  `id` int(11) NOT NULL,
  `sectionId` int(11) NOT NULL,
  `typeId` int(11) DEFAULT NULL,
  `authorId` int(11) DEFAULT NULL,
  `postDate` datetime DEFAULT NULL,
  `expiryDate` datetime DEFAULT NULL,
  `dateCreated` datetime NOT NULL,
  `dateUpdated` datetime NOT NULL,
  `uid` char(36) COLLATE utf8_unicode_ci NOT NULL DEFAULT '0',
  PRIMARY KEY (`id`),
  KEY `craft_entries_sectionId_idx` (`sectionId`),
  KEY `craft_entries_typeId_idx` (`typeId`),
  KEY `craft_entries_postDate_idx` (`postDate`),
  KEY `craft_entries_expiryDate_idx` (`expiryDate`),
  KEY `craft_entries_authorId_fk` (`authorId`)
) ENGINE=InnoDB DEFAULT CHARSET=utf8 COLLATE=utf8_unicode_ci;

--
-- Data for table `craft_entries`
--

INSERT INTO `craft_entries` (`id`, `sectionId`, `typeId`, `authorId`, `postDate`, `expiryDate`, `dateCreated`, `dateUpdated`, `uid`) VALUES
 ('2', '1', NULL, NULL, '2015-11-09 16:10:43', NULL, '2015-11-09 16:10:43', '2015-12-18 19:42:12', '7dbacc43-5028-4566-a6ce-80e7bb2b7411'),
 ('3', '2', '2', '1', '2015-11-09 16:10:00', NULL, '2015-11-09 16:10:43', '2015-11-09 17:05:02', '27175ef5-7697-4015-8f44-89d2dabd5b7c'),
 ('9', '2', '2', '1', '2015-11-09 17:05:39', NULL, '2015-11-09 17:05:39', '2015-11-09 17:05:39', 'fcdb1713-d8e4-4688-9681-d2014b223e22'),
 ('10', '2', '2', '1', '2015-11-09 17:06:58', NULL, '2015-11-09 17:06:58', '2015-11-09 17:06:58', '213d661d-bc61-4392-a12f-8f08c5ac0928'),
 ('24', '3', '3', '1', '2015-12-15 15:37:00', NULL, '2015-12-15 15:37:18', '2015-12-15 15:46:51', '3338f114-83f7-41dc-92c1-d939cfb8e4f1'),
 ('25', '3', '3', '1', '2015-12-15 15:38:00', NULL, '2015-12-15 15:38:30', '2015-12-15 15:46:44', 'dc59c7eb-f4fb-4d66-a850-636fe4d2e324'),
 ('26', '3', '3', '1', '2015-12-15 15:39:02', NULL, '2015-12-15 15:39:02', '2015-12-15 15:39:02', '9e5ae9b8-8bc8-49f0-8591-7dc531eeadba'),
 ('27', '3', '3', '1', '2015-12-15 15:39:00', NULL, '2015-12-15 15:39:30', '2015-12-15 15:46:36', '7a5bbadc-8468-42a4-9958-8051560b6c4d'),
 ('28', '3', '3', '1', '2015-12-15 15:40:17', NULL, '2015-12-15 15:40:17', '2015-12-15 15:40:17', '04266ba9-bc83-497e-b20d-dd8a863471b9'),
 ('29', '3', '3', '1', '2015-12-15 15:40:00', NULL, '2015-12-15 15:40:56', '2015-12-15 15:46:26', 'e61149f6-12f0-4ab0-8a30-5cec5fea6f4c');




DROP TABLE IF EXISTS `craft_entrydrafts`;


--
-- Schema for table `craft_entrydrafts`
--
CREATE TABLE `craft_entrydrafts` (
  `id` int(11) NOT NULL AUTO_INCREMENT,
  `entryId` int(11) NOT NULL,
  `sectionId` int(11) NOT NULL,
  `creatorId` int(11) NOT NULL,
  `locale` char(12) COLLATE utf8_unicode_ci NOT NULL,
  `name` varchar(255) COLLATE utf8_unicode_ci NOT NULL,
  `notes` tinytext COLLATE utf8_unicode_ci,
  `data` mediumtext COLLATE utf8_unicode_ci NOT NULL,
  `dateCreated` datetime NOT NULL,
  `dateUpdated` datetime NOT NULL,
  `uid` char(36) COLLATE utf8_unicode_ci NOT NULL DEFAULT '0',
  PRIMARY KEY (`id`),
  KEY `craft_entrydrafts_entryId_locale_idx` (`entryId`,`locale`),
  KEY `craft_entrydrafts_sectionId_fk` (`sectionId`),
  KEY `craft_entrydrafts_creatorId_fk` (`creatorId`),
  KEY `craft_entrydrafts_locale_fk` (`locale`)
) ENGINE=InnoDB DEFAULT CHARSET=utf8 COLLATE=utf8_unicode_ci;

DROP TABLE IF EXISTS `craft_entrytypes`;


--
-- Schema for table `craft_entrytypes`
--
CREATE TABLE `craft_entrytypes` (
  `id` int(11) NOT NULL AUTO_INCREMENT,
  `sectionId` int(11) NOT NULL,
  `fieldLayoutId` int(11) DEFAULT NULL,
  `name` varchar(255) COLLATE utf8_unicode_ci NOT NULL,
  `handle` varchar(255) COLLATE utf8_unicode_ci NOT NULL,
  `hasTitleField` tinyint(1) unsigned NOT NULL DEFAULT '1',
  `titleLabel` varchar(255) COLLATE utf8_unicode_ci DEFAULT 'Title',
  `titleFormat` varchar(255) COLLATE utf8_unicode_ci DEFAULT NULL,
  `sortOrder` tinyint(4) DEFAULT NULL,
  `dateCreated` datetime NOT NULL,
  `dateUpdated` datetime NOT NULL,
  `uid` char(36) COLLATE utf8_unicode_ci NOT NULL DEFAULT '0',
  PRIMARY KEY (`id`),
  UNIQUE KEY `craft_entrytypes_name_sectionId_unq_idx` (`name`,`sectionId`),
  UNIQUE KEY `craft_entrytypes_handle_sectionId_unq_idx` (`handle`,`sectionId`),
  KEY `craft_entrytypes_sectionId_fk` (`sectionId`),
  KEY `craft_entrytypes_fieldLayoutId_fk` (`fieldLayoutId`)
) ENGINE=InnoDB AUTO_INCREMENT=4 DEFAULT CHARSET=utf8 COLLATE=utf8_unicode_ci;

--
-- Data for table `craft_entrytypes`
--

INSERT INTO `craft_entrytypes` (`id`, `sectionId`, `fieldLayoutId`, `name`, `handle`, `hasTitleField`, `titleLabel`, `titleFormat`, `sortOrder`, `dateCreated`, `dateUpdated`, `uid`) VALUES
 ('1', '1', '30', 'Homepage', 'homepage', '1', 'Title', NULL, NULL, '2015-11-09 16:10:43', '2015-12-15 15:35:44', 'da625af6-dbcc-44f3-8b05-d20d6fa8c7b8'),
 ('2', '2', '18', 'News', 'news', '1', 'Title', NULL, NULL, '2015-11-09 16:10:43', '2015-11-09 16:51:20', 'af6e5f84-7eec-48cd-9c91-2c5497f6a578'),
 ('3', '3', '14', 'InstaBlog', 'instaBlog', '1', 'Title', NULL, NULL, '2015-11-09 16:26:57', '2015-11-09 16:26:57', 'ea0b073c-a825-44b7-99d2-b1569326c7b4');




DROP TABLE IF EXISTS `craft_entryversions`;


--
-- Schema for table `craft_entryversions`
--
CREATE TABLE `craft_entryversions` (
  `id` int(11) NOT NULL AUTO_INCREMENT,
  `entryId` int(11) NOT NULL,
  `sectionId` int(11) NOT NULL,
  `creatorId` int(11) DEFAULT NULL,
  `locale` char(12) COLLATE utf8_unicode_ci NOT NULL,
  `num` smallint(6) unsigned NOT NULL,
  `notes` tinytext COLLATE utf8_unicode_ci,
  `data` mediumtext COLLATE utf8_unicode_ci NOT NULL,
  `dateCreated` datetime NOT NULL,
  `dateUpdated` datetime NOT NULL,
  `uid` char(36) COLLATE utf8_unicode_ci NOT NULL DEFAULT '0',
  PRIMARY KEY (`id`),
  KEY `craft_entryversions_entryId_locale_idx` (`entryId`,`locale`),
  KEY `craft_entryversions_sectionId_fk` (`sectionId`),
  KEY `craft_entryversions_creatorId_fk` (`creatorId`),
  KEY `craft_entryversions_locale_fk` (`locale`)
) ENGINE=InnoDB AUTO_INCREMENT=29 DEFAULT CHARSET=utf8 COLLATE=utf8_unicode_ci;

--
-- Data for table `craft_entryversions`
--

INSERT INTO `craft_entryversions` (`id`, `entryId`, `sectionId`, `creatorId`, `locale`, `num`, `notes`, `data`, `dateCreated`, `dateUpdated`, `uid`) VALUES
 ('2', '3', '2', '1', 'en_us', '1', '', '{\"typeId\":\"2\",\"authorId\":\"1\",\"title\":\"Ladies Literary Club\",\"slug\":\"we-just-installed-craft\",\"postDate\":1447085400,\"expiryDate\":null,\"enabled\":1,\"fields\":{\"23\":\"123 Easy St. Dallas,TX 75201\",\"1\":\"Assertively architect enterprise methods of empowerment.\",\"24\":{\"date\":\"11\\/17\\/2015\",\"time\":\"3:00 AM\"}}}', '2015-11-09 17:05:02', '2015-11-09 17:05:02', 'f9ccf719-9dd9-45fd-828b-b1e544eaf82f'),
 ('3', '9', '2', '1', 'en_us', '1', '', '{\"typeId\":null,\"authorId\":\"1\",\"title\":\"Local Bookstore\",\"slug\":\"local-bookstore\",\"postDate\":1447088739,\"expiryDate\":null,\"enabled\":1,\"fields\":{\"23\":\"123 Easy St. Dallas,TX 75201\",\"1\":\"<p>Ladies Literary Club<\\/p>\",\"24\":{\"date\":\"11\\/11\\/2015\",\"time\":\"1:00 PM\"}}}', '2015-11-09 17:05:39', '2015-11-09 17:05:39', '40d9a6f1-54e7-402b-a54b-258779a550cd'),
 ('4', '10', '2', '1', 'en_us', '1', '', '{\"typeId\":null,\"authorId\":\"1\",\"title\":\"Local Bookstore 2\",\"slug\":\"local-bookstore-2\",\"postDate\":1447088818,\"expiryDate\":null,\"enabled\":1,\"fields\":{\"23\":\"123 Easy St. Dallas,TX 75201\",\"1\":\"<p>Assertively architect enterprise methods of empowerment.<\\/p>\",\"24\":{\"date\":\"11\\/12\\/2015\",\"time\":\"3:00 AM\"}}}', '2015-11-09 17:06:58', '2015-11-09 17:06:58', '644aeb60-a20f-4c39-9751-7683e1b34e5f'),
 ('5', '2', '1', '1', 'en_us', '1', '', '{\"typeId\":null,\"authorId\":null,\"title\":\"Home\",\"slug\":\"homepage\",\"postDate\":1447085443,\"expiryDate\":null,\"enabled\":1,\"fields\":{\"18\":\"\",\"16\":\"\",\"20\":\"\",\"25\":\"\",\"27\":\"\",\"29\":\"\",\"30\":\"\",\"17\":\"\",\"21\":\"\",\"26\":\"\",\"15\":\"\",\"14\":\"\",\"19\":\"\"}}', '2015-11-09 17:07:24', '2015-11-09 17:07:24', 'adc0f416-0356-4a0b-8e82-09271c81b688'),
 ('6', '2', '1', '1', 'en_us', '2', '', '{\"typeId\":null,\"authorId\":null,\"title\":\"Home\",\"slug\":\"homepage\",\"postDate\":1447085443,\"expiryDate\":null,\"enabled\":1,\"fields\":{\"18\":\"Buy the Book\",\"16\":\"<h1>Discover God Daily<\\/h1><h3>Grow closer to the Lord by discovering his presence all around you. <\\/h3><p>Every day, God reveals himself through the smallest details in our lives. But how often do you take the time to recognize and appreciate these moments? Reflect on God\\u2019s blessings with Finding God in the Everyday\\u2014365 daily readings to open your heart to his presence in the world he has created.<\\/p>\",\"20\":\"<p>Janet Evans is married and lives in Dallas, Texas. She has four children who are married and seven precious grandchildren. Having survived pancreatic cancer at the age of 52, she began to know God in a mighty way as he walked her through this journey. Her daily reading is a result of that journey. She continues to write, seeing God reveal himself as each day unfolds. Her hope is that those who read these daily thoughts are encouraged and equipped to see our Lord as they go about each day, for he is always with us. <\\/p>\",\"25\":\"<p>Every day, God reveals himself through the smallest details in our lives. But how often do you take the time to recognize and appreciate these moments? Reflect on God\\u2019s blessings with Finding God in the Everyday\\u2014365 daily readings to open your heart to his presence in the world he has created. <\\/p>\",\"27\":\"Buy the Book\",\"29\":\"share this page\",\"30\":\"Upcoming Events\",\"17\":[\"4\"],\"21\":[\"7\"],\"26\":[\"5\"],\"15\":\"\",\"14\":\"\",\"19\":\"Read a Sample Reflection\"}}', '2015-11-09 17:10:13', '2015-11-09 17:10:13', '9d6e5a54-0daf-43e1-be5e-3a560faca881'),
 ('7', '2', '1', '1', 'en_us', '3', '', '{\"typeId\":null,\"authorId\":null,\"title\":\"Home\",\"slug\":\"homepage\",\"postDate\":1447085443,\"expiryDate\":null,\"enabled\":1,\"fields\":{\"34\":\"Janet\'s Latest Blog Post\",\"18\":\"Buy the Book\",\"16\":\"<h1>Discover God Daily<\\/h1><h3>Grow closer to the Lord by discovering his presence all around you. <\\/h3><p>Every day, God reveals himself through the smallest details in our lives. But how often do you take the time to recognize and appreciate these moments? Reflect on God\\u2019s blessings with Finding God in the Everyday\\u2014365 daily readings to open your heart to his presence in the world he has created.<\\/p>\",\"20\":\"<p>Janet Evans is married and lives in Dallas, Texas. She has four children who are married and seven precious grandchildren. Having survived pancreatic cancer at the age of 52, she began to know God in a mighty way as he walked her through this journey. Her daily reading is a result of that journey. She continues to write, seeing God reveal himself as each day unfolds. Her hope is that those who read these daily thoughts are encouraged and equipped to see our Lord as they go about each day, for he is always with us. <\\/p>\",\"25\":\"<p>Every day, God reveals himself through the smallest details in our lives. But how often do you take the time to recognize and appreciate these moments? Reflect on God\\u2019s blessings with Finding God in the Everyday\\u2014365 daily readings to open your heart to his presence in the world he has created. <\\/p>\",\"27\":\"Buy the Book\",\"35\":\"Connect with Janet\",\"29\":\"share this page\",\"30\":\"Upcoming Events\",\"17\":[\"4\"],\"21\":[\"7\"],\"26\":[\"5\"],\"15\":\"\",\"14\":\"\",\"19\":\"Read a Sample Reflection\"}}', '2015-11-09 17:12:57', '2015-11-09 17:12:57', 'dce02714-a410-445b-bf8e-83d190d1695d'),
 ('13', '2', '1', '1', 'en_us', '4', '', '{\"typeId\":null,\"authorId\":null,\"title\":\"Home\",\"slug\":\"homepage\",\"postDate\":1447085443,\"expiryDate\":null,\"enabled\":1,\"fields\":{\"34\":\"Janet\'s Latest Blog Post\",\"18\":\"Buy the Book\",\"16\":\"<h1>Discover God Daily<\\/h1><h3>Grow closer to the Lord by discovering his presence all around you. <\\/h3><p>Every day, God reveals himself through the smallest details in our lives. But how often do you take the time to recognize and appreciate these moments? Reflect on God\\u2019s blessings with Finding God in the Everyday\\u2014365 daily readings to open your heart to his presence in the world he has created.<\\/p>\",\"20\":\"<p>Janet Evans is married and lives in Dallas, Texas. She has four children who are married and seven precious grandchildren. Having survived pancreatic cancer at the age of 52, she began to know God in a mighty way as he walked her through this journey. Her daily reading is a result of that journey. She continues to write, seeing God reveal himself as each day unfolds. Her hope is that those who read these daily thoughts are encouraged and equipped to see our Lord as they go about each day, for he is always with us. <\\/p>\",\"25\":\"<p>Every day, God reveals himself through the smallest details in our lives. But how often do you take the time to recognize and appreciate these moments? Reflect on God\\u2019s blessings with Finding God in the Everyday\\u2014365 daily readings to open your heart to his presence in the world he has created. <\\/p>\",\"27\":\"Buy the Book\",\"35\":\"Connect with Janet\",\"29\":\"share this page\",\"30\":\"Upcoming Events\",\"17\":\"\",\"21\":[\"7\"],\"26\":[\"5\"],\"15\":\"\",\"14\":\"\",\"19\":\"Read a Sample Reflection\"}}', '2015-12-15 15:22:52', '2015-12-15 15:22:52', 'f2e6d5fc-de15-4b53-80e1-aef5c9e2ab67'),
 ('14', '2', '1', '1', 'en_us', '5', '', '{\"typeId\":null,\"authorId\":null,\"title\":\"Home\",\"slug\":\"homepage\",\"postDate\":1447085443,\"expiryDate\":null,\"enabled\":1,\"fields\":{\"34\":\"Janet\'s Latest Blog Post\",\"18\":\"Buy the Book\",\"16\":\"<h1>Discover God Daily<\\/h1><h3>Grow closer to the Lord by discovering his presence all around you. <\\/h3><p>Every day, God reveals himself through the smallest details in our lives. But how often do you take the time to recognize and appreciate these moments? Reflect on God\\u2019s blessings with <em>Finding God in the Everyday<\\/em>\\u2014365 daily readings to open your heart to his presence in the world he has created.<\\/p>\",\"20\":\"<p>Janet Evans is married and lives in Dallas, Texas. She has four children who are married and seven precious grandchildren. Having survived pancreatic cancer at the age of 52, she began to know God in a mighty way as he walked her through this journey. Her daily reading is a result of that journey. She continues to write, seeing God reveal himself as each day unfolds. Her hope is that those who read these daily thoughts are encouraged and equipped to see our Lord as they go about each day, for he is always with us. <\\/p>\",\"25\":\"<p>Every day, God reveals himself through the smallest details in our lives. But how often do you take the time to recognize and appreciate these moments? Reflect on God\\u2019s blessings with <em>Finding God in the Everyday<\\/em>\\u2014365 daily readings to open your heart to his presence in the world he has created. <\\/p>\",\"38\":\"<h2>All Things Bright and Beautiful<\\/h2><h4>He has made everything beautiful in its time.<\\/h4><h4>\\u2014Ecclesiastes 3:11<\\/h4><p>Walking today, I saw the most gorgeous bright blue butterfly, floating through the air on its gossamer wings. Then I saw a precious squirrel running through the grass with a nut in his mouth. God\\u2019s beautiful creatures out and about living gloriously in this beautiful weather on God\\u2019s great earth. And then comes winter, the temperature drops, trees lose their leaves, flowers wilt, and it\\u2019s time for all nature to draw in, resting and restoring until spring returns again. These gorgeous electric-blue butterflies hibernate, and the squirrels huddle up, trying to survive on the hidden nuts they have stored for this wintry time of life. Sometimes we meet such a season as this, a wintry freeze of life where we need to pull away from the world and surround ourselves with God\\u2019s love and protection just as his precious animals in nature do during the winter months. There are just such times as these, no matter what the month of the year may be, when we must draw ourselves to our Lord and rest there until we move through the frozen and debilitating challenges of life. During this time, our Father wants us to draw near to him for warmth, letting him deal with the icy, freezing weather we are facing, leaving us wrapped in the warmth of his protective arms. We are covered for protection by our Lord\\u2019s love as he goes forth to bring resolution to whatever it is that we are working through during this time of cold and barren living. How great it is to have a Father who will always be there to deal with those times of life that take us to a wintry place where we don\\u2019t want to go and certainly don\\u2019t want to stay. He knows that it is only a matter of time until he warms everything<\\/p>\",\"27\":\"Buy the Book\",\"35\":\"Connect with Janet\",\"29\":\"share this page\",\"30\":\"Upcoming Events\",\"39\":\"Sample Reflection\",\"17\":[\"20\"],\"21\":[\"7\"],\"26\":[\"5\"],\"42\":[\"6\"],\"15\":\"\",\"14\":\"\",\"41\":\"\",\"19\":\"Read a Sample Reflection\"}}', '2015-12-15 15:35:28', '2015-12-15 15:35:28', 'de3965d7-0e3b-4af8-bb65-773de53598bf'),
 ('15', '2', '1', '1', 'en_us', '6', '', '{\"typeId\":null,\"authorId\":null,\"title\":\"Home\",\"slug\":\"homepage\",\"postDate\":1447085443,\"expiryDate\":null,\"enabled\":1,\"fields\":{\"34\":\"Janet\'s Latest Blog Post\",\"18\":\"Buy the Book\",\"16\":\"<h1>Discover God Daily<\\/h1><h3>Grow closer to the Lord by discovering his presence all around you. <\\/h3><p>Every day, God reveals himself through the smallest details in our lives. But how often do you take the time to recognize and appreciate these moments? Reflect on God\\u2019s blessings with <em>Finding God in the Everyday<\\/em>\\u2014365 daily readings to open your heart to his presence in the world he has created.<\\/p>\",\"20\":\"<p>Janet Evans is married and lives in Dallas, Texas. She has four children who are married and seven precious grandchildren. Having survived pancreatic cancer at the age of 52, she began to know God in a mighty way as he walked her through this journey. Her daily reading is a result of that journey. She continues to write, seeing God reveal himself as each day unfolds. Her hope is that those who read these daily thoughts are encouraged and equipped to see our Lord as they go about each day, for he is always with us. <\\/p>\",\"25\":\"<p>Every day, God reveals himself through the smallest details in our lives. But how often do you take the time to recognize and appreciate these moments? Reflect on God\\u2019s blessings with <em>Finding God in the Everyday<\\/em>\\u2014365 daily readings to open your heart to his presence in the world he has created. <\\/p>\",\"38\":\"<h2>All Things Bright and Beautiful<\\/h2><h4>He has made everything beautiful in its time.<\\/h4><h4>\\u2014Ecclesiastes 3:11<\\/h4><p>Walking today, I saw the most gorgeous bright blue butterfly, floating through the air on its gossamer wings. Then I saw a precious squirrel running through the grass with a nut in his mouth. God\\u2019s beautiful creatures out and about living gloriously in this beautiful weather on God\\u2019s great earth. And then comes winter, the temperature drops, trees lose their leaves, flowers wilt, and it\\u2019s time for all nature to draw in, resting and restoring until spring returns again. These gorgeous electric-blue butterflies hibernate, and the squirrels huddle up, trying to survive on the hidden nuts they have stored for this wintry time of life. Sometimes we meet such a season as this, a wintry freeze of life where we need to pull away from the world and surround ourselves with God\\u2019s love and protection just as his precious animals in nature do during the winter months. There are just such times as these, no matter what the month of the year may be, when we must draw ourselves to our Lord and rest there until we move through the frozen and debilitating challenges of life. During this time, our Father wants us to draw near to him for warmth, letting him deal with the icy, freezing weather we are facing, leaving us wrapped in the warmth of his protective arms. We are covered for protection by our Lord\\u2019s love as he goes forth to bring resolution to whatever it is that we are working through during this time of cold and barren living. How great it is to have a Father who will always be there to deal with those times of life that take us to a wintry place where we don\\u2019t want to go and certainly don\\u2019t want to stay. He knows that it is only a matter of time until he warms everything<\\/p>\",\"27\":\"Buy the Book\",\"35\":\"Connect with Janet\",\"29\":\"share this page\",\"30\":\"Upcoming Events\",\"39\":\"Sample Reflection\",\"17\":[\"20\"],\"21\":[\"7\"],\"26\":[\"5\"],\"42\":[\"6\"],\"15\":\"\",\"14\":\"\",\"41\":\"\",\"19\":\"Read a Sample Reflection\"}}', '2015-12-15 15:35:56', '2015-12-15 15:35:56', '74b0673e-0535-4c76-91b3-da72345edaf7'),
 ('16', '24', '3', '1', 'en_us', '1', '', '{\"typeId\":null,\"authorId\":\"1\",\"title\":\"This is a Blog with a Really Long Title\",\"slug\":\"this-is-a-blog-with-a-really-long-title\",\"postDate\":1450193838,\"expiryDate\":null,\"enabled\":1,\"fields\":{\"10\":[\"21\"],\"3\":\"<p>Energistically optimize plug-and-play infrastructures whereas cross-media ROI. Objectively cultivate empowered opportunities..<\\/p>\",\"9\":[\"13\"],\"8\":[\"12\"]}}', '2015-12-15 15:37:18', '2015-12-15 15:37:18', '097661e9-142c-4f57-accd-c522f3fa27b4'),
 ('17', '25', '3', '1', 'en_us', '1', '', '{\"typeId\":null,\"authorId\":\"1\",\"title\":\"Blog Post One\",\"slug\":\"blog-post-one\",\"postDate\":1450193909,\"expiryDate\":null,\"enabled\":1,\"fields\":{\"10\":[\"22\"],\"3\":\"<p>Energistically optimize plug-and-play infrastructures whereas cross-media ROI. Objectively cultivate empowered opportunities without synergistic value.<\\/p>\",\"9\":[\"13\"],\"8\":[\"12\",\"14\"]}}', '2015-12-15 15:38:30', '2015-12-15 15:38:30', '5c50e4ab-b6bb-4fd3-b963-4c77ba1e184a'),
 ('18', '26', '3', '1', 'en_us', '1', '', '{\"typeId\":null,\"authorId\":\"1\",\"title\":\"Blog Post Two\",\"slug\":\"blog-post-two\",\"postDate\":1450193942,\"expiryDate\":null,\"enabled\":1,\"fields\":{\"10\":[\"23\"],\"3\":\"<p>Energistically optimize plug-and-play infrastructures whereas cross-media ROI. Objectively cultivate empowered opportunities without synergistic value.<\\/p>\",\"9\":\"\",\"8\":\"\"}}', '2015-12-15 15:39:02', '2015-12-15 15:39:02', 'ebd7cf23-f68e-40b7-8ca7-e9c6fb17940f'),
 ('19', '27', '3', '1', 'en_us', '1', '', '{\"typeId\":null,\"authorId\":\"1\",\"title\":\"Blog Post Three\",\"slug\":\"blog-post-three\",\"postDate\":1450193970,\"expiryDate\":null,\"enabled\":1,\"fields\":{\"10\":[\"21\"],\"3\":\"<p>Energistically optimize plug-and-play infrastructures whereas cross-media ROI. Objectively cultivate empowered opportunities without synergistic value.<\\/p>\",\"9\":[\"13\"],\"8\":[\"12\"]}}', '2015-12-15 15:39:30', '2015-12-15 15:39:30', 'f76d5702-bb4e-4b48-8342-0f0d17a7d804'),
 ('20', '28', '3', '1', 'en_us', '1', '', '{\"typeId\":null,\"authorId\":\"1\",\"title\":\"Blog Post Four\",\"slug\":\"blog-post-four\",\"postDate\":1450194017,\"expiryDate\":null,\"enabled\":1,\"fields\":{\"10\":[\"23\"],\"3\":\"<p>Energistically optimize plug-and-play infrastructures whereas cross-media ROI. Objectively cultivate empowered opportunities without synergistic value.<\\/p>\",\"9\":[\"13\"],\"8\":[\"14\"]}}', '2015-12-15 15:40:17', '2015-12-15 15:40:17', '36298a8c-c804-40be-8315-2aca648724a6'),
 ('21', '29', '3', '1', 'en_us', '1', '', '{\"typeId\":null,\"authorId\":\"1\",\"title\":\"This is a Blog with a Really Long Title Too\",\"slug\":\"this-is-a-blog-with-a-really-long-title-too\",\"postDate\":1450194056,\"expiryDate\":null,\"enabled\":1,\"fields\":{\"10\":[\"21\"],\"3\":\"<p>Energistically optimize plug-and-play infrastructures whereas cross-media ROI. Objectively cultivate empowered opportunities..<\\/p>\",\"9\":[\"13\"],\"8\":[\"14\"]}}', '2015-12-15 15:40:56', '2015-12-15 15:40:56', '5a8ab7be-4578-443c-b0bb-3514fa1af406'),
 ('22', '29', '3', '1', 'en_us', '2', '', '{\"typeId\":\"3\",\"authorId\":\"1\",\"title\":\"This is a Blog with a Really Long Title Too\",\"slug\":\"this-is-a-blog-with-a-really-long-title-too\",\"postDate\":1450194000,\"expiryDate\":null,\"enabled\":1,\"fields\":{\"10\":[\"33\"],\"3\":\"<p>Energistically optimize plug-and-play infrastructures whereas cross-media ROI. Objectively cultivate empowered opportunities..<\\/p>\",\"9\":[\"13\"],\"8\":[\"14\"]}}', '2015-12-15 15:46:26', '2015-12-15 15:46:26', '5334ef00-ce1b-40da-a131-af9fe03e0fa3'),
 ('23', '27', '3', '1', 'en_us', '2', '', '{\"typeId\":\"3\",\"authorId\":\"1\",\"title\":\"Blog Post Three\",\"slug\":\"blog-post-three\",\"postDate\":1450193940,\"expiryDate\":null,\"enabled\":1,\"fields\":{\"10\":[\"34\"],\"3\":\"<p>Energistically optimize plug-and-play infrastructures whereas cross-media ROI. Objectively cultivate empowered opportunities without synergistic value.<\\/p>\",\"9\":[\"13\"],\"8\":[\"12\"]}}', '2015-12-15 15:46:36', '2015-12-15 15:46:36', '2c1405fb-c2d4-4672-ac8f-3a524860397c'),
 ('24', '25', '3', '1', 'en_us', '2', '', '{\"typeId\":\"3\",\"authorId\":\"1\",\"title\":\"Blog Post One\",\"slug\":\"blog-post-one\",\"postDate\":1450193880,\"expiryDate\":null,\"enabled\":1,\"fields\":{\"10\":[\"33\"],\"3\":\"<p>Energistically optimize plug-and-play infrastructures whereas cross-media ROI. Objectively cultivate empowered opportunities without synergistic value.<\\/p>\",\"9\":[\"13\"],\"8\":[\"12\",\"14\"]}}', '2015-12-15 15:46:44', '2015-12-15 15:46:44', '87519b20-f66e-4fbf-8e8a-dce771c471b2'),
 ('25', '24', '3', '1', 'en_us', '2', '', '{\"typeId\":\"3\",\"authorId\":\"1\",\"title\":\"This is a Blog with a Really Long Title\",\"slug\":\"this-is-a-blog-with-a-really-long-title\",\"postDate\":1450193820,\"expiryDate\":null,\"enabled\":1,\"fields\":{\"10\":[\"34\"],\"3\":\"<p>Energistically optimize plug-and-play infrastructures whereas cross-media ROI. Objectively cultivate empowered opportunities..<\\/p>\",\"9\":[\"13\"],\"8\":[\"12\"]}}', '2015-12-15 15:46:51', '2015-12-15 15:46:51', '3e9b0dd2-86f7-497b-b9b1-664408899217'),
 ('26', '2', '1', '1', 'en_us', '7', '', '{\"typeId\":null,\"authorId\":null,\"title\":\"Home\",\"slug\":\"homepage\",\"postDate\":1447085443,\"expiryDate\":null,\"enabled\":1,\"parentId\":null,\"fields\":{\"34\":\"Janet\'s Latest Blog Post\",\"18\":\"Buy the Book\",\"16\":\"<h1>Discover God Daily<\\/h1>\\r\\n\\r\\n<h3>Grow closer to the Lord by discovering his presence all around you. <\\/h3>\\r\\n\\r\\n<p>Every day, God reveals himself through the smallest details in our lives. But how often do you take the time to recognize and appreciate these moments? Reflect on God\\u2019s blessings with <em>Finding God in the Everyday<\\/em>&mdash;365 daily readings to open your heart to his presence in the world he has created.<\\/p>\",\"20\":\"<p>Janet Evans is married and lives in Dallas, Texas. She has four children who are married and seven precious grandchildren. Having survived pancreatic cancer at the age of 52, she began to know God in a mighty way as he walked her through this journey. Her daily reading is a result of that journey. She continues to write, seeing God reveal himself as each day unfolds. Her hope is that those who read these daily thoughts are encouraged and equipped to see our Lord as they go about each day, for he is always with us. <\\/p>\",\"25\":\"<p>Every day, God reveals himself through the smallest details in our lives. But how often do you take the time to recognize and appreciate these moments? Reflect on God\\u2019s blessings with <em>Finding God in the Everyday<\\/em>&mdash;365 daily readings to open your heart to his presence in the world he has created. <\\/p>\",\"38\":\"<h2>All Things Bright and Beautiful<\\/h2>\\r\\n\\r\\n<h4>He has made everything beautiful in its time.<\\/h4>\\r\\n\\r\\n<h4>&mdash;Ecclesiastes 3:11<\\/h4>\\r\\n\\r\\n<p>Walking today, I saw the most gorgeous bright blue butterfly, floating through the air on its gossamer wings. Then I saw a precious squirrel running through the grass with a nut in his mouth. God\\u2019s beautiful creatures out and about living gloriously in this beautiful weather on God\\u2019s great earth. And then comes winter, the temperature drops, trees lose their leaves, flowers wilt, and it\\u2019s time for all nature to draw in, resting and restoring until spring returns again. These gorgeous electric-blue butterflies hibernate, and the squirrels huddle up, trying to survive on the hidden nuts they have stored for this wintry time of life. Sometimes we meet such a season as this, a wintry freeze of life where we need to pull away from the world and surround ourselves with God\\u2019s love and protection just as his precious animals in nature do during the winter months. There are just such times as these, no matter what the month of the year may be, when we must draw ourselves to our Lord and rest there until we move through the frozen and debilitating challenges of life. During this time, our Father wants us to draw near to him for warmth, letting him deal with the icy, freezing weather we are facing, leaving us wrapped in the warmth of his protective arms. We are covered for protection by our Lord\\u2019s love as he goes forth to bring resolution to whatever it is that we are working through during this time of cold and barren living. How great it is to have a Father who will always be there to deal with those times of life that take us to a wintry place where we don\\u2019t want to go and certainly don\\u2019t want to stay. He knows that it is only a matter of time until he warms everything<\\/p>\",\"27\":\"Buy the Book\",\"35\":\"Connect with Janet\",\"29\":\"share this page\",\"30\":\"Upcoming Events\",\"39\":\"Sample Reflection\",\"17\":[\"20\"],\"21\":[\"7\"],\"26\":[\"5\"],\"42\":[\"6\"],\"15\":\"\",\"14\":\"\",\"41\":[\"35\"],\"19\":\"Read a Sample Reflection\"}}', '2015-12-15 16:40:32', '2015-12-15 16:40:32', 'abeff3e0-4228-414f-8dc1-baa2748f2ed6'),
 ('27', '2', '1', '1', 'en_us', '8', '', '{\"typeId\":null,\"authorId\":null,\"title\":\"Home\",\"slug\":\"homepage\",\"postDate\":1447085443,\"expiryDate\":null,\"enabled\":1,\"parentId\":null,\"fields\":{\"34\":\"Janet\'s Latest Blog Post\",\"18\":\"Buy the Book\",\"16\":\"<h1>Discover God Daily<\\/h1>\\r\\n\\r\\n<h3>Grow closer to the Lord by discovering his presence all around you. <\\/h3>\\r\\n\\r\\n\\r\\n\\r\\n<p>Every day, God reveals himself through the smallest details in our lives. But how often do you take the time to recognize and appreciate these moments? Reflect on God\\u2019s blessings with <em>Finding God in the Everyday<\\/em>&mdash;365 daily readings to open your heart to his presence in the world he has created.<\\/p>\",\"20\":\"<p>Janet Evans is married and lives in Dallas, Texas. She has four children who are married and seven precious grandchildren. Having survived pancreatic cancer at the age of 52, she began to know God in a mighty way as he walked her through this journey. Her daily readings are&nbsp;a result of that journey. She continues to write, seeing God reveal himself as each day unfolds. Her hope is that those who read these daily thoughts are encouraged and equipped to see our Lord as they go about each day, for he is always with us. <\\/p>\",\"25\":\"<p>Every day, God reveals himself through the smallest details in our lives. But how often do you take the time to recognize and appreciate these moments? Reflect on God\\u2019s blessings with <em>Finding God in the Everyday<\\/em>&mdash;365 daily readings to open your heart to his presence in the world he has created. <\\/p>\",\"38\":\"<h2>All Things Bright and Beautiful<\\/h2>\\r\\n\\r\\n<h4>He has made everything beautiful in its time.<\\/h4>\\r\\n\\r\\n\\r\\n\\r\\n<h4>&mdash;Ecclesiastes 3:11<\\/h4>\\r\\n\\r\\n\\r\\n\\r\\n<p>Walking today, I saw the most gorgeous bright blue butterfly, floating through the air on its gossamer wings. Then I saw a precious squirrel running through the grass with a nut in his mouth. God\\u2019s beautiful creatures out and about living gloriously in this beautiful weather on God\\u2019s great earth. And then comes winter, the temperature drops, trees lose their leaves, flowers wilt, and it\\u2019s time for all nature to draw in, resting and restoring until spring returns again. These gorgeous electric-blue butterflies hibernate, and the squirrels huddle up, trying to survive on the hidden nuts they have stored for this wintry time of life. Sometimes we meet such a season as this, a wintry freeze of life where we need to pull away from the world and surround ourselves with God\\u2019s love and protection just as his precious animals in nature do during the winter months. There are just such times as these, no matter what the month of the year may be, when we must draw ourselves to our Lord and rest there until we move through the frozen and debilitating challenges of life. During this time, our Father wants us to draw near to him for warmth, letting him deal with the icy, freezing weather we are facing, leaving us wrapped in the warmth of his protective arms. We are covered for protection by our Lord\\u2019s love as he goes forth to bring resolution to whatever it is that we are working through during this time of cold and barren living. How great it is to have a Father who will always be there to deal with those times of life that take us to a wintry place where we don\\u2019t want to go and certainly don\\u2019t want to stay. He knows that it is only a matter of time until he warms everything<\\/p>\",\"27\":\"Buy the Book\",\"35\":\"Connect with Janet\",\"29\":\"share this page\",\"30\":\"Upcoming Events\",\"39\":\"Sample Reflection\",\"17\":[\"20\"],\"21\":[\"7\"],\"26\":[\"5\"],\"42\":[\"6\"],\"15\":\"\",\"14\":\"\",\"41\":[\"35\"],\"19\":\"Read a Sample Reflection\"}}', '2015-12-18 19:31:15', '2015-12-18 19:31:15', '774e247a-ca14-4371-b2a9-151cfe785bc5'),
 ('28', '2', '1', '1', 'en_us', '9', '', '{\"typeId\":null,\"authorId\":null,\"title\":\"Home\",\"slug\":\"homepage\",\"postDate\":1447085443,\"expiryDate\":null,\"enabled\":1,\"parentId\":null,\"fields\":{\"34\":\"Janet\'s Latest Blog Post\",\"18\":\"Buy the Book\",\"16\":\"<h1>Discover God Daily<\\/h1>\\r\\n\\r\\n<h3>Grow closer to the Lord by discovering his presence all around you. <\\/h3>\\r\\n\\r\\n\\r\\n\\r\\n\\r\\n\\r\\n<p>Every day, God reveals himself through the smallest details in our lives. But how often do you take the time to recognize and appreciate these moments? Reflect on God\\u2019s blessings with <em>Finding God in the Everyday<\\/em>&mdash;365 daily readings to open your heart to his presence in the world he has created.<\\/p>\",\"20\":\"<p>Janet Evans is married and lives in Dallas, Texas. She has four children who are married and seven precious grandchildren. Having survived pancreatic cancer at the age of 52, she began to know God in a mighty way as he walked her through this journey. Her daily readings are&nbsp;a result of that journey. She continues to write, seeing God reveal himself as each day unfolds. Her hope is that those who read these daily thoughts are encouraged and equipped to see our Lord as they go about each day, for he is always with us. <\\/p>\",\"25\":\"<p>Every day, God reveals himself through the smallest details in our lives. But how often do you take the time to recognize and appreciate these moments? Reflect on God\\u2019s blessings with <em>Finding God in the Everyday<\\/em>&mdash;365 daily readings to open your heart to his presence in the world he has created. <\\/p>\",\"38\":\"<h2>All Things Bright and Beautiful<\\/h2>\\r\\n\\r\\n<h4>He has made everything beautiful in its time.<\\/h4>\\r\\n\\r\\n\\r\\n\\r\\n\\r\\n\\r\\n<h4>&mdash;Ecclesiastes 3:11<\\/h4>\\r\\n\\r\\n\\r\\n\\r\\n\\r\\n\\r\\n<p>Walking today, I saw the most gorgeous bright blue butterfly, floating through the air on its gossamer wings. Then I saw a precious squirrel running through the grass with a nut in his mouth. God\\u2019s beautiful creatures out and about living gloriously in this beautiful weather on God\\u2019s great earth. And then comes winter, the temperature drops, trees lose their leaves, flowers wilt, and it\\u2019s time for all of nature to draw in, resting and restoring until spring returns again. These gorgeous electric-blue butterflies hibernate, and the squirrels huddle up, trying to survive on the hidden nuts they have stored for this wintry time of life. Sometimes we meet such a season as this, a wintry freeze of life where we need to pull away from the world and surround ourselves with God\\u2019s love and protection just as his precious animals in nature do during the winter months. There are just such times as these, no matter what the month of the year may be, when we must draw ourselves to our Lord and rest there until we move through the frozen and debilitating challenges of life. During this time, our Father wants us to draw near to him for warmth, letting him deal with the icy, freezing weather we are facing, leaving us wrapped in the warmth of his protective arms. We are covered for protection by our Lord\\u2019s love as he goes forth to bring resolution to whatever it is that we are working through during this time of cold and barren living. How great it is to have a Father who will always be there to deal with those times of life that take us to a wintry place where we don\\u2019t want to go and certainly don\\u2019t want to stay. He knows that it is only a matter of time until he warms everything<\\/p>\",\"27\":\"Buy the Book\",\"35\":\"Connect with Janet\",\"29\":\"share this page\",\"30\":\"Upcoming Events\",\"39\":\"Sample Reflection\",\"17\":[\"20\"],\"21\":[\"7\"],\"26\":[\"5\"],\"42\":[\"6\"],\"15\":\"\",\"14\":\"\",\"41\":[\"35\"],\"19\":\"Read a Sample Reflection\"}}', '2015-12-18 19:42:12', '2015-12-18 19:42:12', 'a7fd9ac0-33ae-4f6e-954c-3c6f337b4be6');




DROP TABLE IF EXISTS `craft_fieldgroups`;


--
-- Schema for table `craft_fieldgroups`
--
CREATE TABLE `craft_fieldgroups` (
  `id` int(11) NOT NULL AUTO_INCREMENT,
  `name` varchar(255) COLLATE utf8_unicode_ci NOT NULL,
  `dateCreated` datetime NOT NULL,
  `dateUpdated` datetime NOT NULL,
  `uid` char(36) COLLATE utf8_unicode_ci NOT NULL DEFAULT '0',
  PRIMARY KEY (`id`),
  UNIQUE KEY `craft_fieldgroups_name_unq_idx` (`name`)
) ENGINE=InnoDB AUTO_INCREMENT=11 DEFAULT CHARSET=utf8 COLLATE=utf8_unicode_ci;

--
-- Data for table `craft_fieldgroups`
--

INSERT INTO `craft_fieldgroups` (`id`, `name`, `dateCreated`, `dateUpdated`, `uid`) VALUES
 ('1', 'Default', '2015-11-09 16:10:42', '2015-11-09 16:10:42', '13a9f88d-1c39-4852-b493-f0b896ae5841'),
 ('2', 'InstaBlog', '2015-11-09 16:26:57', '2015-11-09 16:26:57', 'ddc87f1f-4538-4893-8eeb-d6ac151ee034'),
 ('3', 'Global', '2015-11-09 16:27:22', '2015-11-09 16:27:22', '71cce1df-26f6-478b-988e-aa156c43b667'),
 ('4', 'The Book', '2015-11-09 16:31:28', '2015-11-09 16:31:28', '26598368-d849-41db-a264-e3ac3af604f4'),
 ('5', 'The Author', '2015-11-09 16:43:15', '2015-11-09 16:43:15', '2bd98ea7-8573-4b7d-a5d2-fa9ceb03d87f'),
 ('6', 'Events', '2015-11-09 16:45:53', '2015-11-09 16:45:53', '96f90bd0-33f6-4069-9445-8363c8e165ef'),
 ('7', 'Banner', '2015-11-09 16:48:41', '2015-11-09 16:48:41', '691b4780-83b1-41d1-9499-56199e48d0d4'),
 ('8', 'Share', '2015-11-09 16:50:14', '2015-11-09 16:50:14', '7460ce59-a553-429d-8c50-23fb29d027b6'),
 ('9', 'Form', '2015-11-09 16:58:19', '2015-11-09 16:58:19', '255928e0-98ae-4b69-9372-6c14760b2071'),
 ('10', 'Sample', '2015-12-15 15:26:57', '2015-12-15 15:26:57', '12710de3-4054-462d-aeac-b851eb96e22b');




DROP TABLE IF EXISTS `craft_fieldlayoutfields`;


--
-- Schema for table `craft_fieldlayoutfields`
--
CREATE TABLE `craft_fieldlayoutfields` (
  `id` int(11) NOT NULL AUTO_INCREMENT,
  `layoutId` int(11) NOT NULL,
  `tabId` int(11) NOT NULL,
  `fieldId` int(11) NOT NULL,
  `required` tinyint(1) unsigned NOT NULL DEFAULT '0',
  `sortOrder` tinyint(4) DEFAULT NULL,
  `dateCreated` datetime NOT NULL,
  `dateUpdated` datetime NOT NULL,
  `uid` char(36) COLLATE utf8_unicode_ci NOT NULL DEFAULT '0',
  PRIMARY KEY (`id`),
  UNIQUE KEY `craft_fieldlayoutfields_layoutId_fieldId_unq_idx` (`layoutId`,`fieldId`),
  KEY `craft_fieldlayoutfields_sortOrder_idx` (`sortOrder`),
  KEY `craft_fieldlayoutfields_tabId_fk` (`tabId`),
  KEY `craft_fieldlayoutfields_fieldId_fk` (`fieldId`)
) ENGINE=InnoDB AUTO_INCREMENT=123 DEFAULT CHARSET=utf8 COLLATE=utf8_unicode_ci;

--
-- Data for table `craft_fieldlayoutfields`
--

INSERT INTO `craft_fieldlayoutfields` (`id`, `layoutId`, `tabId`, `fieldId`, `required`, `sortOrder`, `dateCreated`, `dateUpdated`, `uid`) VALUES
 ('4', '11', '3', '4', '0', '1', '2015-11-09 16:26:57', '2015-11-09 16:26:57', 'ab95ebe5-0ca2-4411-8bc9-bbf074d16149'),
 ('5', '11', '3', '5', '0', '2', '2015-11-09 16:26:57', '2015-11-09 16:26:57', '68f282e3-5798-4e91-b36d-6f7dfde1d6fd'),
 ('6', '11', '3', '6', '0', '3', '2015-11-09 16:26:57', '2015-11-09 16:26:57', '138c9d79-05d7-480f-8dc4-c362582746f3'),
 ('7', '11', '3', '7', '0', '4', '2015-11-09 16:26:57', '2015-11-09 16:26:57', 'b11c66f3-4241-422e-ad90-5aa78aa1ca14'),
 ('8', '12', '4', '3', '0', '1', '2015-11-09 16:26:57', '2015-11-09 16:26:57', 'c2598fb8-ed2c-4972-a0c5-4bcb8fc26311'),
 ('9', '14', '5', '3', '1', '1', '2015-11-09 16:26:57', '2015-11-09 16:26:57', '761f61e2-f592-489f-9fe4-ace1b16d34f2'),
 ('10', '14', '5', '10', '0', '2', '2015-11-09 16:26:57', '2015-11-09 16:26:57', 'e15f9ebe-cf4e-4937-9ded-1feed7dbebbd'),
 ('11', '14', '5', '9', '0', '3', '2015-11-09 16:26:57', '2015-11-09 16:26:57', 'de7b180a-bc71-4baa-8fb4-65d389f15519'),
 ('12', '14', '5', '8', '0', '4', '2015-11-09 16:26:57', '2015-11-09 16:26:57', '7087a8c6-1a0a-4992-a2ed-2fcc44bbc500'),
 ('13', '18', '6', '24', '0', '1', '2015-11-09 16:51:20', '2015-11-09 16:51:20', '5098fe53-7adb-4f74-af8b-c92737c36b28'),
 ('14', '18', '6', '1', '1', '2', '2015-11-09 16:51:20', '2015-11-09 16:51:20', 'd4d06f2c-0a5f-49a4-ad44-2aec5edb4aa4'),
 ('15', '18', '6', '23', '0', '3', '2015-11-09 16:51:20', '2015-11-09 16:51:20', '225bc628-23ac-4503-af24-0ae28b76be21'),
 ('75', '26', '32', '14', '0', '1', '2015-11-10 18:05:01', '2015-11-10 18:05:01', 'd0ebf65d-6a16-4426-830e-ec7bc476b5b6'),
 ('76', '26', '32', '15', '0', '2', '2015-11-10 18:05:01', '2015-11-10 18:05:01', 'fa8fbdfa-1c66-4cba-b3e7-cc6ee4820e5a'),
 ('77', '26', '32', '11', '0', '3', '2015-11-10 18:05:01', '2015-11-10 18:05:01', 'add52bef-bc92-4a08-bb88-c19ee8b799e5'),
 ('78', '26', '32', '12', '0', '4', '2015-11-10 18:05:01', '2015-11-10 18:05:01', '53e53668-18a1-46e4-b1a3-2b8196df563e'),
 ('79', '26', '32', '13', '0', '5', '2015-11-10 18:05:01', '2015-11-10 18:05:01', '4637ff84-3384-4a2b-814f-956958f1d814'),
 ('80', '27', '33', '36', '0', '1', '2015-11-10 18:05:19', '2015-11-10 18:05:19', '2ef2174f-6e0a-4d89-b7c3-0000e1b2b156'),
 ('81', '27', '33', '37', '0', '2', '2015-11-10 18:05:19', '2015-11-10 18:05:19', '7b512dd6-9425-4597-9720-145491c3a6ec'),
 ('101', '29', '42', '31', '1', '1', '2015-12-15 15:32:31', '2015-12-15 15:32:31', '7137f5e3-76b2-4f30-989a-dfceed224d31'),
 ('102', '29', '42', '32', '1', '2', '2015-12-15 15:32:32', '2015-12-15 15:32:32', '9f8ed189-12be-4ed1-9de7-755de652bafc'),
 ('103', '29', '42', '33', '1', '3', '2015-12-15 15:32:32', '2015-12-15 15:32:32', '53702834-ae77-4ceb-b9aa-2a91b57883f2'),
 ('104', '30', '43', '14', '0', '1', '2015-12-15 15:35:44', '2015-12-15 15:35:44', 'b71beeed-956e-4ea0-b845-78f65a419bfb'),
 ('105', '30', '43', '15', '0', '2', '2015-12-15 15:35:44', '2015-12-15 15:35:44', '29cff0f2-c0fa-4368-8c7d-0e8bbabd75bf'),
 ('106', '30', '44', '16', '0', '1', '2015-12-15 15:35:44', '2015-12-15 15:35:44', '4deed253-46ee-44f3-b176-07b42a29c339'),
 ('107', '30', '44', '17', '0', '2', '2015-12-15 15:35:44', '2015-12-15 15:35:44', '9e2db20c-bc39-404a-8336-0e3b22770cd5'),
 ('108', '30', '44', '41', '0', '3', '2015-12-15 15:35:44', '2015-12-15 15:35:44', '82680499-f393-452e-8645-5ae08b727cea'),
 ('109', '30', '44', '18', '0', '4', '2015-12-15 15:35:44', '2015-12-15 15:35:44', '7f959ebe-bc66-48fe-98b8-d03610ced069'),
 ('110', '30', '44', '19', '0', '5', '2015-12-15 15:35:44', '2015-12-15 15:35:44', '05a2a407-5ffb-42a9-a9c4-f418fbbdd408'),
 ('111', '30', '45', '20', '0', '1', '2015-12-15 15:35:44', '2015-12-15 15:35:44', '132786df-4bc2-4933-869f-4dd6df246188'),
 ('112', '30', '45', '21', '0', '2', '2015-12-15 15:35:44', '2015-12-15 15:35:44', '22ea9739-a03d-44c1-af66-bfd7bb3b271a'),
 ('113', '30', '45', '34', '0', '3', '2015-12-15 15:35:44', '2015-12-15 15:35:44', '6c7d7e85-9140-4c8d-bbe7-e572f2a26bf9'),
 ('114', '30', '45', '35', '0', '4', '2015-12-15 15:35:44', '2015-12-15 15:35:44', '3536463c-9d5b-4b53-a9ec-4dfddc694d29'),
 ('115', '30', '46', '30', '0', '1', '2015-12-15 15:35:44', '2015-12-15 15:35:44', 'b9505806-e3dc-4920-997f-140eaf946a7d'),
 ('116', '30', '47', '26', '0', '1', '2015-12-15 15:35:44', '2015-12-15 15:35:44', '358157c7-0ab9-4cf6-84d2-45ab17792dca'),
 ('117', '30', '47', '25', '0', '2', '2015-12-15 15:35:44', '2015-12-15 15:35:44', '220012a5-b15a-4aa0-b489-a68bde2a4a71'),
 ('118', '30', '47', '27', '0', '3', '2015-12-15 15:35:44', '2015-12-15 15:35:44', 'b1f7c573-296a-421a-9c09-d44a69c7e0c3'),
 ('119', '30', '48', '29', '0', '1', '2015-12-15 15:35:44', '2015-12-15 15:35:44', '87e7b184-4bce-42a4-9152-23d4b8328be8'),
 ('120', '30', '49', '42', '0', '1', '2015-12-15 15:35:44', '2015-12-15 15:35:44', '01bf23a4-2ddf-452c-91db-fc474cfd93c8'),
 ('121', '30', '50', '39', '0', '1', '2015-12-15 15:35:44', '2015-12-15 15:35:44', '8742f0d5-a9cb-47ad-b4c0-a8bea855d74f'),
 ('122', '30', '50', '38', '0', '2', '2015-12-15 15:35:44', '2015-12-15 15:35:44', '38a64a08-f679-4014-bb5e-022b76e976ec');




DROP TABLE IF EXISTS `craft_fieldlayouts`;


--
-- Schema for table `craft_fieldlayouts`
--
CREATE TABLE `craft_fieldlayouts` (
  `id` int(11) NOT NULL AUTO_INCREMENT,
  `type` varchar(150) COLLATE utf8_unicode_ci NOT NULL,
  `dateCreated` datetime NOT NULL,
  `dateUpdated` datetime NOT NULL,
  `uid` char(36) COLLATE utf8_unicode_ci NOT NULL DEFAULT '0',
  PRIMARY KEY (`id`),
  KEY `craft_fieldlayouts_type_idx` (`type`)
) ENGINE=InnoDB AUTO_INCREMENT=31 DEFAULT CHARSET=utf8 COLLATE=utf8_unicode_ci;

--
-- Data for table `craft_fieldlayouts`
--

INSERT INTO `craft_fieldlayouts` (`id`, `type`, `dateCreated`, `dateUpdated`, `uid`) VALUES
 ('1', 'Tag', '2015-11-09 16:10:42', '2015-11-09 16:10:42', 'b2d6c861-a1da-4921-8c87-7a04b3bdbc22'),
 ('10', 'Tag', '2015-11-09 16:26:57', '2015-11-09 16:26:57', 'eaa1f273-1b5e-43e2-8584-7d80ab6107d8'),
 ('11', 'User', '2015-11-09 16:26:57', '2015-11-09 16:26:57', '8010a220-eede-44a2-a386-7b87d4cc5ab3'),
 ('12', 'Category', '2015-11-09 16:26:57', '2015-11-09 16:26:57', '9ea0b523-6bdb-40da-8b9d-065c6bc352d3'),
 ('14', 'Entry', '2015-11-09 16:26:57', '2015-11-09 16:26:57', '97ae1629-6271-4fcc-8673-74dc7249027e'),
 ('15', 'Asset', '2015-11-09 16:36:04', '2015-11-09 16:36:04', 'ab3f952e-3c67-4e84-b938-258d5336ba28'),
 ('17', 'Asset', '2015-11-09 16:38:30', '2015-11-09 16:38:30', 'e80fdcff-8449-48d7-b2a0-1726ad40296c'),
 ('18', 'Entry', '2015-11-09 16:51:20', '2015-11-09 16:51:20', 'eb014462-d1c5-488a-b435-5d369d4ee783'),
 ('21', 'Asset', '2015-11-09 16:57:26', '2015-11-09 16:57:26', '8b91f4b4-567e-4d18-941c-f09bf314cfca'),
 ('26', 'GlobalSet', '2015-11-10 18:05:01', '2015-11-10 18:05:01', '90367e51-e800-4477-a98d-5882a03b8ee0'),
 ('27', 'GlobalSet', '2015-11-10 18:05:19', '2015-11-10 18:05:19', '66d32480-010b-4f00-bbba-3597f288270e'),
 ('29', 'Asset', '2015-12-15 15:32:31', '2015-12-15 15:32:31', '4e34da32-2f17-4986-bcf1-7e8000014e97'),
 ('30', 'Entry', '2015-12-15 15:35:44', '2015-12-15 15:35:44', '998fef72-1edf-4385-8ef0-7f149664129a');




DROP TABLE IF EXISTS `craft_fieldlayouttabs`;


--
-- Schema for table `craft_fieldlayouttabs`
--
CREATE TABLE `craft_fieldlayouttabs` (
  `id` int(11) NOT NULL AUTO_INCREMENT,
  `layoutId` int(11) NOT NULL,
  `name` varchar(255) COLLATE utf8_unicode_ci NOT NULL,
  `sortOrder` tinyint(4) DEFAULT NULL,
  `dateCreated` datetime NOT NULL,
  `dateUpdated` datetime NOT NULL,
  `uid` char(36) COLLATE utf8_unicode_ci NOT NULL DEFAULT '0',
  PRIMARY KEY (`id`),
  KEY `craft_fieldlayouttabs_sortOrder_idx` (`sortOrder`),
  KEY `craft_fieldlayouttabs_layoutId_fk` (`layoutId`)
) ENGINE=InnoDB AUTO_INCREMENT=51 DEFAULT CHARSET=utf8 COLLATE=utf8_unicode_ci;

--
-- Data for table `craft_fieldlayouttabs`
--

INSERT INTO `craft_fieldlayouttabs` (`id`, `layoutId`, `name`, `sortOrder`, `dateCreated`, `dateUpdated`, `uid`) VALUES
 ('3', '11', 'Profile', '1', '2015-11-09 16:26:57', '2015-11-09 16:26:57', 'c71cbfc3-9211-484c-a241-c500c53ddba5'),
 ('4', '12', 'Content', '1', '2015-11-09 16:26:57', '2015-11-09 16:26:57', '1014a67c-49c5-4665-968f-80f46871d0e4'),
 ('5', '14', 'Content', '1', '2015-11-09 16:26:57', '2015-11-09 16:26:57', 'bc737f8d-8cba-41d6-a45c-67f5d8fa7060'),
 ('6', '18', 'Content', '1', '2015-11-09 16:51:20', '2015-11-09 16:51:20', 'e28c52b3-e891-4ba5-a97e-cf40a2fe0eab'),
 ('32', '26', 'Content', '1', '2015-11-10 18:05:01', '2015-11-10 18:05:01', '9af9db11-d348-497d-93ac-daeaa1d5e9f3'),
 ('33', '27', 'Content', '1', '2015-11-10 18:05:19', '2015-11-10 18:05:19', 'b67a4c1f-b68d-41e7-ad5d-4d5daeeced22'),
 ('42', '29', 'Form', '1', '2015-12-15 15:32:31', '2015-12-15 15:32:31', '24b59887-c137-4ef6-aa7f-741fbd3804bf'),
 ('43', '30', 'Content', '1', '2015-12-15 15:35:44', '2015-12-15 15:35:44', '76a89339-5dfe-4aff-9eac-42567022fc8d'),
 ('44', '30', 'The Book', '2', '2015-12-15 15:35:44', '2015-12-15 15:35:44', 'b144d91b-3297-49ed-9712-7e026c44de9e'),
 ('45', '30', 'The Author', '3', '2015-12-15 15:35:44', '2015-12-15 15:35:44', 'd8cb0f19-c5e4-484e-a1d4-e4835a0e9819'),
 ('46', '30', 'Events', '4', '2015-12-15 15:35:44', '2015-12-15 15:35:44', 'aa4df7de-0686-4a5e-81ae-14c7760ed937'),
 ('47', '30', 'Banner', '5', '2015-12-15 15:35:44', '2015-12-15 15:35:44', '72dabb55-c727-4b05-9184-e3213e29a824'),
 ('48', '30', 'Share', '6', '2015-12-15 15:35:44', '2015-12-15 15:35:44', 'af6be44b-37e8-4efd-a1f2-51a305ccbde9'),
 ('49', '30', 'Connect', '7', '2015-12-15 15:35:44', '2015-12-15 15:35:44', '8373bf99-2ecb-491a-8bc6-4abc8748274e'),
 ('50', '30', 'Sample', '8', '2015-12-15 15:35:44', '2015-12-15 15:35:44', '59da3688-021d-4e23-ba90-3df56c3fbc9e');




DROP TABLE IF EXISTS `craft_fields`;


--
-- Schema for table `craft_fields`
--
CREATE TABLE `craft_fields` (
  `id` int(11) NOT NULL AUTO_INCREMENT,
  `groupId` int(11) DEFAULT NULL,
  `name` varchar(255) COLLATE utf8_unicode_ci NOT NULL,
  `handle` varchar(58) COLLATE utf8_unicode_ci NOT NULL,
  `context` varchar(255) COLLATE utf8_unicode_ci NOT NULL DEFAULT 'global',
  `instructions` text COLLATE utf8_unicode_ci,
  `translatable` tinyint(1) unsigned NOT NULL DEFAULT '0',
  `type` varchar(150) COLLATE utf8_unicode_ci NOT NULL,
  `settings` text COLLATE utf8_unicode_ci,
  `dateCreated` datetime NOT NULL,
  `dateUpdated` datetime NOT NULL,
  `uid` char(36) COLLATE utf8_unicode_ci NOT NULL DEFAULT '0',
  PRIMARY KEY (`id`),
  UNIQUE KEY `craft_fields_handle_context_unq_idx` (`handle`,`context`),
  KEY `craft_fields_context_idx` (`context`),
  KEY `craft_fields_groupId_fk` (`groupId`)
) ENGINE=InnoDB AUTO_INCREMENT=43 DEFAULT CHARSET=utf8 COLLATE=utf8_unicode_ci;

--
-- Data for table `craft_fields`
--

INSERT INTO `craft_fields` (`id`, `groupId`, `name`, `handle`, `context`, `instructions`, `translatable`, `type`, `settings`, `dateCreated`, `dateUpdated`, `uid`) VALUES
 ('1', '1', 'Body', 'body', 'global', NULL, '1', 'RichText', '{\"configFile\":\"Standard.json\",\"columnType\":\"text\"}', '2015-11-09 16:10:42', '2015-11-09 16:10:42', '771ef017-7ce7-42d1-a72f-fedc495928db'),
 ('2', '1', 'Tags', 'tags', 'global', NULL, '0', 'Tags', '{\"source\":\"taggroup:1\"}', '2015-11-09 16:10:43', '2015-11-09 16:10:43', 'db05f280-6ff1-43bb-9635-f1e8bcbc9f89'),
 ('3', '2', 'InstaBlog Body', 'instaBlogBody', 'global', NULL, '1', 'RichText', '{\"configFile\":\"Standard.json\",\"columnType\":\"text\"}', '2015-11-09 16:26:57', '2015-11-09 16:26:57', '0b67f75b-1842-47b5-9eed-bb6e8bf93992'),
 ('4', '2', 'Facebook', 'instaBlogFacebook', 'global', 'Add your personal Facebook profile link. Example: https://www.facebook.com/xxxxxxxxxx', '0', 'PlainText', NULL, '2015-11-09 16:26:57', '2015-11-09 16:26:57', '31037d47-f7e6-4377-a587-6ffb819af402'),
 ('5', '2', 'Twitter', 'instaBlogTwitter', 'global', 'Add your personal Twitter handle. Example: @johndoe', '0', 'PlainText', NULL, '2015-11-09 16:26:57', '2015-11-09 16:26:57', 'f7dedb43-52c9-4c36-aa80-5b5fcada6a4e'),
 ('6', '2', 'Google+', 'instaBlogGooglePlus', 'global', 'Add your personal Google+ profile link. Example: https://plus.google.com/+JohnDoe', '0', 'PlainText', NULL, '2015-11-09 16:26:57', '2015-11-09 16:26:57', 'a6c2f64b-610c-42ba-a56a-110f83dd6ad1'),
 ('7', '2', 'LinkedIn', 'instaBlogLinkedin', 'global', 'Add your personal LinkedIn profile link. Example: https://www.linkedin.com/pub/john-doe/3/7aa/91b', '0', 'PlainText', NULL, '2015-11-09 16:26:57', '2015-11-09 16:26:57', '9697aed3-9172-4b08-8df6-e996a5cf8607'),
 ('8', '2', 'InstaBlog Tags', 'instaBlogTags', 'global', NULL, '0', 'Tags', '{\"source\":\"taggroup:2\"}', '2015-11-09 16:26:57', '2015-11-09 16:26:57', '788782ec-eb45-41b0-8c8f-3208338da0b5'),
 ('9', '2', 'InstaBlog Categories', 'instaBlogCategories', 'global', NULL, '0', 'Categories', '{\"source\":\"group:1\"}', '2015-11-09 16:26:57', '2015-11-09 16:26:57', 'd688257b-771d-4ae1-805b-840413245cd4'),
 ('10', '2', 'Featured Image', 'instaBlogImage', 'global', '', '0', 'Assets', '{\"useSingleFolder\":\"\",\"sources\":[\"folder:1\"],\"defaultUploadLocationSource\":\"2\",\"defaultUploadLocationSubpath\":\"\",\"singleUploadLocationSource\":\"2\",\"singleUploadLocationSubpath\":\"\",\"restrictFiles\":\"\",\"limit\":\"\",\"selectionLabel\":\"Add an asset\"}', '2015-11-09 16:26:57', '2015-11-09 16:38:59', '97aecf3e-f1ae-40b8-a842-713f41d2a0cd'),
 ('11', '3', 'Book Link', 'bookLink', 'global', '', '0', 'PlainText', '{\"placeholder\":\"\",\"maxLength\":\"\",\"multiline\":\"\",\"initialRows\":\"4\"}', '2015-11-09 16:28:52', '2015-11-09 16:28:52', 'fb4fda92-5d1a-4309-9a21-0bb660922005'),
 ('12', '3', 'Facebook', 'facebook', 'global', '', '0', 'PlainText', '{\"placeholder\":\"\",\"maxLength\":\"\",\"multiline\":\"\",\"initialRows\":\"4\"}', '2015-11-09 16:30:06', '2015-11-09 16:30:06', '1ce8ed6a-2361-4f34-a11c-e07a96b31ef4'),
 ('13', '3', 'Twitter', 'twitter', 'global', '', '0', 'PlainText', '{\"placeholder\":\"\",\"maxLength\":\"\",\"multiline\":\"\",\"initialRows\":\"4\"}', '2015-11-09 16:30:16', '2015-11-09 16:30:16', '709c0bb4-8b12-48e5-bce8-efd46d9437b8'),
 ('14', '3', 'Meta Title', 'metaTitle', 'global', '', '0', 'PlainText', '{\"placeholder\":\"\",\"maxLength\":\"\",\"multiline\":\"\",\"initialRows\":\"4\"}', '2015-11-09 16:30:57', '2015-11-09 16:30:57', 'f64b2368-514c-489a-baa6-ba94bafce247'),
 ('15', '3', 'Meta Description', 'metaDescription', 'global', '', '0', 'PlainText', '{\"placeholder\":\"\",\"maxLength\":\"\",\"multiline\":\"\",\"initialRows\":\"4\"}', '2015-11-09 16:31:11', '2015-11-09 16:31:11', 'e2213a35-cac9-4dbf-a38a-309a86de402f'),
 ('16', '4', 'Copy', 'bookCopy', 'global', '', '0', 'RichText', '{\"configFile\":\"\",\"cleanupHtml\":\"1\",\"purifyHtml\":\"\",\"columnType\":\"text\"}', '2015-11-09 16:32:10', '2015-11-09 16:32:10', '67dd3006-5e16-454a-a04d-a44e3ee48119'),
 ('17', '4', 'Image', 'bookImage', 'global', '', '0', 'Assets', '{\"useSingleFolder\":\"\",\"sources\":[\"folder:2\"],\"defaultUploadLocationSource\":\"1\",\"defaultUploadLocationSubpath\":\"\",\"singleUploadLocationSource\":\"1\",\"singleUploadLocationSubpath\":\"\",\"restrictFiles\":\"\",\"limit\":\"1\",\"viewMode\":\"list\",\"selectionLabel\":\"Add an asset\"}', '2015-11-09 16:33:22', '2015-12-15 16:48:55', '01a30662-a165-4d58-8b90-4313b239e7dc'),
 ('18', '4', 'Book CTA', 'bookCta', 'global', '', '0', 'PlainText', '{\"placeholder\":\"\",\"maxLength\":\"\",\"multiline\":\"\",\"initialRows\":\"4\"}', '2015-11-09 16:42:40', '2015-11-09 16:42:40', '600020f5-d553-4180-aa59-f133d5564b37'),
 ('19', '4', 'Sample CTA', 'sampleCta', 'global', '', '0', 'PlainText', '{\"placeholder\":\"\",\"maxLength\":\"\",\"multiline\":\"\",\"initialRows\":\"4\"}', '2015-11-09 16:42:56', '2015-11-09 16:42:56', '342d4cf7-6cae-44e5-ac59-4ddb8e23501c'),
 ('20', '5', 'Copy', 'authorCopy', 'global', '', '0', 'RichText', '{\"configFile\":\"\",\"cleanupHtml\":\"1\",\"purifyHtml\":\"\",\"columnType\":\"text\"}', '2015-11-09 16:43:52', '2015-11-09 16:43:52', 'df5f9ab9-5e3f-4733-aad7-7c056339e3d7'),
 ('21', '5', 'Image', 'authorImage', 'global', '', '0', 'Assets', '{\"useSingleFolder\":\"\",\"sources\":[\"folder:2\"],\"defaultUploadLocationSource\":\"2\",\"defaultUploadLocationSubpath\":\"\",\"singleUploadLocationSource\":\"2\",\"singleUploadLocationSubpath\":\"\",\"restrictFiles\":\"\",\"limit\":\"1\",\"viewMode\":\"list\",\"selectionLabel\":\"Add an asset\"}', '2015-11-09 16:44:18', '2015-12-15 16:53:28', '1e820bb8-d3fb-4f88-b7d4-a964231ebf85'),
 ('23', '6', 'address', 'address', 'global', '', '0', 'PlainText', '{\"placeholder\":\"\",\"maxLength\":\"\",\"multiline\":\"\",\"initialRows\":\"4\"}', '2015-11-09 16:47:45', '2015-11-09 16:48:22', 'f009c4c5-4c02-4e64-be83-71fea34f0692'),
 ('24', '6', 'date', 'date', 'global', '', '0', 'Date', '{\"minuteIncrement\":\"30\",\"showTime\":1,\"showDate\":1}', '2015-11-09 16:48:13', '2015-11-09 16:48:13', 'cb9cc3e1-868c-4306-9db9-2744fead4be6'),
 ('25', '7', 'Copy', 'bannerCopy', 'global', '', '0', 'RichText', '{\"configFile\":\"\",\"cleanupHtml\":\"1\",\"purifyHtml\":\"\",\"columnType\":\"text\"}', '2015-11-09 16:49:05', '2015-11-09 16:49:05', 'e8969164-5e57-4c49-8711-79b5553fbb4a'),
 ('26', '7', 'Image', 'bannerImage', 'global', '', '0', 'Assets', '{\"useSingleFolder\":\"\",\"sources\":[\"folder:2\"],\"defaultUploadLocationSource\":\"2\",\"defaultUploadLocationSubpath\":\"\",\"singleUploadLocationSource\":\"2\",\"singleUploadLocationSubpath\":\"\",\"restrictFiles\":\"\",\"limit\":\"1\",\"viewMode\":\"list\",\"selectionLabel\":\"Add an asset\"}', '2015-11-09 16:49:35', '2015-12-15 16:53:40', '7dd8f89b-e7fa-431e-9dec-457b77aa70e7'),
 ('27', '7', 'CTA', 'bannerCta', 'global', '', '0', 'PlainText', '{\"placeholder\":\"\",\"maxLength\":\"\",\"multiline\":\"\",\"initialRows\":\"4\"}', '2015-11-09 16:49:47', '2015-11-09 16:49:47', 'f4cfee9f-6c16-4aff-bc01-e9aa7a8515e3'),
 ('28', '1', 'Header', 'header', 'global', '', '0', 'PlainText', '{\"placeholder\":\"\",\"maxLength\":\"\",\"multiline\":\"\",\"initialRows\":\"4\"}', '2015-11-09 16:54:03', '2015-11-09 16:54:03', '2c4bd968-f481-4778-9293-ebe7a86d3dc4'),
 ('29', '8', 'header', 'shareHeader', 'global', '', '0', 'PlainText', '{\"placeholder\":\"\",\"maxLength\":\"\",\"multiline\":\"\",\"initialRows\":\"4\"}', '2015-11-09 16:54:50', '2015-11-09 16:54:50', 'efbe5e76-7046-4ada-9b13-4c770c076d6a'),
 ('30', '6', 'header', 'eventsHeader', 'global', '', '0', 'PlainText', '{\"placeholder\":\"\",\"maxLength\":\"\",\"multiline\":\"\",\"initialRows\":\"4\"}', '2015-11-09 16:55:03', '2015-11-09 16:55:03', '400692f2-ab55-49a6-955e-f7ac80eb721a'),
 ('31', '9', 'Name', 'formName', 'global', '', '0', 'FormBuilder_PlainText', '{\"placeholder\":\"\",\"maxLength\":\"\",\"multiline\":\"\",\"initialRows\":\"4\"}', '2015-11-09 17:01:52', '2015-11-09 17:01:52', '76f669f9-5146-4198-a606-3ed1ad91566e'),
 ('32', '9', 'Email', 'formEmail', 'global', '', '0', 'FormBuilder_Email', '{\"placeholder\":\"\",\"maxLength\":\"\",\"multiline\":\"\",\"initialRows\":\"4\"}', '2015-11-09 17:02:18', '2015-11-09 17:02:18', '71575c93-1fd7-4406-9589-aab7c0ea283c'),
 ('33', '9', 'Messages', 'formMessages', 'global', '', '0', 'FormBuilder_PlainText', '{\"placeholder\":\"Enter a message, word of encouragement, or question to be delivered to Janet.\",\"maxLength\":\"\",\"multiline\":\"1\",\"initialRows\":\"4\"}', '2015-11-09 17:02:50', '2015-12-15 15:33:07', 'b351df2a-5959-440b-bf5f-7ebc335ebf1d'),
 ('34', '5', 'Blog CTA', 'blogCta', 'global', '', '0', 'PlainText', '{\"placeholder\":\"\",\"maxLength\":\"\",\"multiline\":\"\",\"initialRows\":\"4\"}', '2015-11-09 17:11:31', '2015-11-09 17:11:31', '014dfec2-efac-428e-8818-58bc3c53fa5d'),
 ('35', '5', 'Facebook CTA', 'facebookCta', 'global', '', '0', 'PlainText', '{\"placeholder\":\"\",\"maxLength\":\"\",\"multiline\":\"\",\"initialRows\":\"4\"}', '2015-11-09 17:11:41', '2015-11-09 17:11:41', 'd635aa38-2c41-4e06-bb31-0ce68a6713e7'),
 ('36', '2', 'Blog Header', 'blogHeader', 'global', '', '0', 'PlainText', '{\"placeholder\":\"\",\"maxLength\":\"\",\"multiline\":\"\",\"initialRows\":\"4\"}', '2015-11-10 18:00:56', '2015-11-10 18:00:56', '980641c1-b66c-42eb-b9f2-ff2d01987601'),
 ('37', '2', 'Blog Description', 'blogDescription', 'global', '', '0', 'PlainText', '{\"placeholder\":\"\",\"maxLength\":\"\",\"multiline\":\"\",\"initialRows\":\"4\"}', '2015-11-10 18:01:08', '2015-11-10 18:01:08', 'e2047c38-5797-47ba-8ffb-5823d91ed1b7'),
 ('38', '10', 'Copy', 'sampleCopy', 'global', '', '0', 'RichText', '{\"configFile\":\"\",\"cleanupHtml\":\"1\",\"purifyHtml\":\"\",\"columnType\":\"text\"}', '2015-12-15 15:27:39', '2015-12-15 15:27:39', '6a4e4669-aeb8-4969-af8e-ab32a483423b'),
 ('39', '10', 'Header', 'sampleHeader', 'global', '', '0', 'PlainText', '{\"placeholder\":\"\",\"maxLength\":\"\",\"multiline\":\"\",\"initialRows\":\"4\"}', '2015-12-15 15:27:57', '2015-12-15 15:44:12', '1562082d-5c2b-4b91-9617-0f2e80edb9ad'),
 ('41', '4', 'Mobile Image', 'bookMobileImage', 'global', '', '0', 'Assets', '{\"useSingleFolder\":\"\",\"sources\":[\"folder:2\"],\"defaultUploadLocationSource\":\"2\",\"defaultUploadLocationSubpath\":\"\",\"singleUploadLocationSource\":\"2\",\"singleUploadLocationSubpath\":\"\",\"restrictFiles\":\"\",\"limit\":\"1\",\"viewMode\":\"list\",\"selectionLabel\":\"Add an asset\"}', '2015-12-15 15:29:27', '2015-12-15 16:49:03', 'dcd954c3-ea64-42c1-9bfe-c61cc87910a4'),
 ('42', '9', 'Image', 'formImage', 'global', '', '0', 'Assets', '{\"useSingleFolder\":\"\",\"sources\":[\"folder:2\"],\"defaultUploadLocationSource\":\"2\",\"defaultUploadLocationSubpath\":\"\",\"singleUploadLocationSource\":\"2\",\"singleUploadLocationSubpath\":\"\",\"restrictFiles\":\"\",\"limit\":\"1\",\"viewMode\":\"list\",\"selectionLabel\":\"Add an asset\"}', '2015-12-15 15:30:13', '2015-12-15 16:49:15', 'c591de72-1be6-4626-844a-e065218c97f6');




DROP TABLE IF EXISTS `craft_formbuilder_entries`;


--
-- Schema for table `craft_formbuilder_entries`
--
CREATE TABLE `craft_formbuilder_entries` (
  `id` int(11) NOT NULL,
  `formId` int(10) DEFAULT NULL,
  `title` varchar(255) COLLATE utf8_unicode_ci DEFAULT NULL,
  `data` text COLLATE utf8_unicode_ci,
  `dateCreated` datetime NOT NULL,
  `dateUpdated` datetime NOT NULL,
  `uid` char(36) COLLATE utf8_unicode_ci NOT NULL DEFAULT '0',
  PRIMARY KEY (`id`),
  KEY `craft_formbuilder_entries_formId_fk` (`formId`)
) ENGINE=InnoDB DEFAULT CHARSET=utf8 COLLATE=utf8_unicode_ci;

DROP TABLE IF EXISTS `craft_formbuilder_forms`;


--
-- Schema for table `craft_formbuilder_forms`
--
CREATE TABLE `craft_formbuilder_forms` (
  `id` int(11) NOT NULL AUTO_INCREMENT,
  `name` varchar(255) COLLATE utf8_unicode_ci NOT NULL,
  `handle` varchar(255) COLLATE utf8_unicode_ci NOT NULL,
  `subject` varchar(255) COLLATE utf8_unicode_ci DEFAULT NULL,
  `ajaxSubmit` tinyint(1) unsigned NOT NULL DEFAULT '0',
  `successPageRedirect` tinyint(1) unsigned NOT NULL DEFAULT '0',
  `redirectUrl` varchar(255) COLLATE utf8_unicode_ci DEFAULT NULL,
  `useReCaptcha` tinyint(1) unsigned NOT NULL DEFAULT '0',
  `hasFileUploads` tinyint(1) unsigned NOT NULL DEFAULT '0',
  `uploadSource` varchar(255) COLLATE utf8_unicode_ci DEFAULT NULL,
  `successMessage` varchar(255) COLLATE utf8_unicode_ci DEFAULT NULL,
  `errorMessage` varchar(255) COLLATE utf8_unicode_ci DEFAULT NULL,
  `toEmail` varchar(255) COLLATE utf8_unicode_ci DEFAULT NULL,
  `notifyFormAdmin` tinyint(1) unsigned NOT NULL DEFAULT '0',
  `notificationTemplatePath` varchar(255) COLLATE utf8_unicode_ci DEFAULT NULL,
  `notifyRegistrant` tinyint(1) unsigned NOT NULL DEFAULT '0',
  `notificationFieldHandleName` varchar(255) COLLATE utf8_unicode_ci DEFAULT NULL,
  `notificationTemplatePathRegistrant` varchar(255) COLLATE utf8_unicode_ci DEFAULT NULL,
  `fieldLayoutId` int(10) DEFAULT NULL,
  `dateCreated` datetime NOT NULL,
  `dateUpdated` datetime NOT NULL,
  `uid` char(36) COLLATE utf8_unicode_ci NOT NULL DEFAULT '0',
  PRIMARY KEY (`id`),
  UNIQUE KEY `craft_formbuilder_forms_name_unq_idx` (`name`),
  UNIQUE KEY `craft_formbuilder_forms_handle_unq_idx` (`handle`),
  KEY `craft_formbuilder_forms_fieldLayoutId_fk` (`fieldLayoutId`)
) ENGINE=InnoDB AUTO_INCREMENT=2 DEFAULT CHARSET=utf8 COLLATE=utf8_unicode_ci;

--
-- Data for table `craft_formbuilder_forms`
--

INSERT INTO `craft_formbuilder_forms` (`id`, `name`, `handle`, `subject`, `ajaxSubmit`, `successPageRedirect`, `redirectUrl`, `useReCaptcha`, `hasFileUploads`, `uploadSource`, `successMessage`, `errorMessage`, `toEmail`, `notifyFormAdmin`, `notificationTemplatePath`, `notifyRegistrant`, `notificationFieldHandleName`, `notificationTemplatePathRegistrant`, `fieldLayoutId`, `dateCreated`, `dateUpdated`, `uid`) VALUES
 ('1', 'Connect', 'connect', 'You have a new reader.', '1', '0', '', '0', '0', '', 'Your message has been sent.', 'Please correct the errors.', 'yulu@70kft.com', '1', 'formbuilder/email/default', '0', '', 'formbuilder/email/registrant', '29', '2015-11-09 17:04:02', '2015-12-15 15:32:32', '67d34d78-efe7-4d8c-b4fa-b3247dc0318c');




DROP TABLE IF EXISTS `craft_globalsets`;


--
-- Schema for table `craft_globalsets`
--
CREATE TABLE `craft_globalsets` (
  `id` int(11) NOT NULL,
  `name` varchar(255) COLLATE utf8_unicode_ci NOT NULL,
  `handle` varchar(255) COLLATE utf8_unicode_ci NOT NULL,
  `fieldLayoutId` int(10) DEFAULT NULL,
  `dateCreated` datetime NOT NULL,
  `dateUpdated` datetime NOT NULL,
  `uid` char(36) COLLATE utf8_unicode_ci NOT NULL DEFAULT '0',
  PRIMARY KEY (`id`),
  UNIQUE KEY `craft_globalsets_name_unq_idx` (`name`),
  UNIQUE KEY `craft_globalsets_handle_unq_idx` (`handle`),
  KEY `craft_globalsets_fieldLayoutId_fk` (`fieldLayoutId`)
) ENGINE=InnoDB DEFAULT CHARSET=utf8 COLLATE=utf8_unicode_ci;

--
-- Data for table `craft_globalsets`
--

INSERT INTO `craft_globalsets` (`id`, `name`, `handle`, `fieldLayoutId`, `dateCreated`, `dateUpdated`, `uid`) VALUES
 ('18', 'Site Info', 'siteInfo', '26', '2015-11-10 18:05:01', '2015-11-10 18:05:01', '74154101-2120-47e8-b276-210a80cbe4fa'),
 ('19', 'Blog', 'blog', '27', '2015-11-10 18:05:19', '2015-11-10 18:05:19', 'a31b4936-917b-4d64-95d9-f3e992e5dc8e');




DROP TABLE IF EXISTS `craft_info`;


--
-- Schema for table `craft_info`
--
CREATE TABLE `craft_info` (
  `id` int(11) NOT NULL AUTO_INCREMENT,
  `version` varchar(15) COLLATE utf8_unicode_ci NOT NULL,
  `build` int(11) unsigned NOT NULL,
  `schemaVersion` varchar(15) COLLATE utf8_unicode_ci NOT NULL,
  `releaseDate` datetime NOT NULL,
  `edition` tinyint(1) unsigned NOT NULL DEFAULT '0',
  `siteName` varchar(100) COLLATE utf8_unicode_ci NOT NULL,
  `siteUrl` varchar(255) COLLATE utf8_unicode_ci NOT NULL,
  `timezone` varchar(30) COLLATE utf8_unicode_ci DEFAULT NULL,
  `on` tinyint(1) unsigned NOT NULL DEFAULT '0',
  `maintenance` tinyint(1) unsigned NOT NULL DEFAULT '0',
  `track` varchar(40) COLLATE utf8_unicode_ci NOT NULL,
  `dateCreated` datetime NOT NULL,
  `dateUpdated` datetime NOT NULL,
  `uid` char(36) COLLATE utf8_unicode_ci NOT NULL DEFAULT '0',
  PRIMARY KEY (`id`)
) ENGINE=InnoDB AUTO_INCREMENT=2 DEFAULT CHARSET=utf8 COLLATE=utf8_unicode_ci;

--
-- Data for table `craft_info`
--

INSERT INTO `craft_info` (`id`, `version`, `build`, `schemaVersion`, `releaseDate`, `edition`, `siteName`, `siteUrl`, `timezone`, `on`, `maintenance`, `track`, `dateCreated`, `dateUpdated`, `uid`) VALUES
 ('1', '2.5', '2754', '2.5.11', '2015-12-08 20:56:45', '2', 'Janet', '/', 'UTC', '1', '1', 'stable', '2015-11-09 16:10:41', '2015-12-22 17:24:08', 'ab60125a-d440-443e-aec8-bf60c21f43e6');




DROP TABLE IF EXISTS `craft_locales`;


--
-- Schema for table `craft_locales`
--
CREATE TABLE `craft_locales` (
  `locale` char(12) COLLATE utf8_unicode_ci NOT NULL,
  `sortOrder` tinyint(4) DEFAULT NULL,
  `dateCreated` datetime NOT NULL,
  `dateUpdated` datetime NOT NULL,
  `uid` char(36) COLLATE utf8_unicode_ci NOT NULL DEFAULT '0',
  PRIMARY KEY (`locale`),
  KEY `craft_locales_sortOrder_idx` (`sortOrder`)
) ENGINE=InnoDB DEFAULT CHARSET=utf8 COLLATE=utf8_unicode_ci;

--
-- Data for table `craft_locales`
--

INSERT INTO `craft_locales` (`locale`, `sortOrder`, `dateCreated`, `dateUpdated`, `uid`) VALUES
 ('en_us', '1', '2015-11-09 16:10:41', '2015-11-09 16:10:41', 'af60e2d7-96c5-4fc5-a16a-c110293a10f5');




DROP TABLE IF EXISTS `craft_matrixblocks`;


--
-- Schema for table `craft_matrixblocks`
--
CREATE TABLE `craft_matrixblocks` (
  `id` int(11) NOT NULL,
  `ownerId` int(11) NOT NULL,
  `fieldId` int(11) NOT NULL,
  `typeId` int(11) DEFAULT NULL,
  `sortOrder` tinyint(4) DEFAULT NULL,
  `ownerLocale` char(12) COLLATE utf8_unicode_ci DEFAULT NULL,
  `dateCreated` datetime NOT NULL,
  `dateUpdated` datetime NOT NULL,
  `uid` char(36) COLLATE utf8_unicode_ci NOT NULL DEFAULT '0',
  PRIMARY KEY (`id`),
  KEY `craft_matrixblocks_ownerId_idx` (`ownerId`),
  KEY `craft_matrixblocks_fieldId_idx` (`fieldId`),
  KEY `craft_matrixblocks_typeId_idx` (`typeId`),
  KEY `craft_matrixblocks_sortOrder_idx` (`sortOrder`),
  KEY `craft_matrixblocks_ownerLocale_fk` (`ownerLocale`)
) ENGINE=InnoDB DEFAULT CHARSET=utf8 COLLATE=utf8_unicode_ci;

DROP TABLE IF EXISTS `craft_matrixblocktypes`;


--
-- Schema for table `craft_matrixblocktypes`
--
CREATE TABLE `craft_matrixblocktypes` (
  `id` int(11) NOT NULL AUTO_INCREMENT,
  `fieldId` int(11) NOT NULL,
  `fieldLayoutId` int(11) DEFAULT NULL,
  `name` varchar(255) COLLATE utf8_unicode_ci NOT NULL,
  `handle` varchar(255) COLLATE utf8_unicode_ci NOT NULL,
  `sortOrder` tinyint(4) DEFAULT NULL,
  `dateCreated` datetime NOT NULL,
  `dateUpdated` datetime NOT NULL,
  `uid` char(36) COLLATE utf8_unicode_ci NOT NULL DEFAULT '0',
  PRIMARY KEY (`id`),
  UNIQUE KEY `craft_matrixblocktypes_name_fieldId_unq_idx` (`name`,`fieldId`),
  UNIQUE KEY `craft_matrixblocktypes_handle_fieldId_unq_idx` (`handle`,`fieldId`),
  KEY `craft_matrixblocktypes_fieldId_fk` (`fieldId`),
  KEY `craft_matrixblocktypes_fieldLayoutId_fk` (`fieldLayoutId`)
) ENGINE=InnoDB DEFAULT CHARSET=utf8 COLLATE=utf8_unicode_ci;

DROP TABLE IF EXISTS `craft_migrations`;


--
-- Schema for table `craft_migrations`
--
CREATE TABLE `craft_migrations` (
  `id` int(11) NOT NULL AUTO_INCREMENT,
  `pluginId` int(11) DEFAULT NULL,
  `version` varchar(255) COLLATE utf8_unicode_ci NOT NULL,
  `applyTime` datetime NOT NULL,
  `dateCreated` datetime NOT NULL,
  `dateUpdated` datetime NOT NULL,
  `uid` char(36) COLLATE utf8_unicode_ci NOT NULL DEFAULT '0',
  PRIMARY KEY (`id`),
  UNIQUE KEY `craft_migrations_version_unq_idx` (`version`),
  KEY `craft_migrations_pluginId_fk` (`pluginId`)
) ENGINE=InnoDB AUTO_INCREMENT=33 DEFAULT CHARSET=utf8 COLLATE=utf8_unicode_ci;

--
-- Data for table `craft_migrations`
--

INSERT INTO `craft_migrations` (`id`, `pluginId`, `version`, `applyTime`, `dateCreated`, `dateUpdated`, `uid`) VALUES
 ('1', NULL, 'm000000_000000_base', '2015-11-09 16:10:41', '2015-11-09 16:10:41', '2015-11-09 16:10:41', '8e7ecaf7-33d0-4849-a1bf-2b448aa7471a'),
 ('2', NULL, 'm140730_000001_add_filename_and_format_to_transformindex', '2015-11-09 16:10:41', '2015-11-09 16:10:41', '2015-11-09 16:10:41', '1e32ca83-6a21-4783-8d24-28a6ab8dc8ef'),
 ('3', NULL, 'm140815_000001_add_format_to_transforms', '2015-11-09 16:10:41', '2015-11-09 16:10:41', '2015-11-09 16:10:41', '1615c1e2-acdf-436e-88b4-bba04e127799'),
 ('4', NULL, 'm140822_000001_allow_more_than_128_items_per_field', '2015-11-09 16:10:41', '2015-11-09 16:10:41', '2015-11-09 16:10:41', '741c2f0e-b9da-45a8-9f63-26dc01e58e2d'),
 ('5', NULL, 'm140829_000001_single_title_formats', '2015-11-09 16:10:41', '2015-11-09 16:10:41', '2015-11-09 16:10:41', '9cc35b17-f4ea-4400-9970-a53b74a9bfc6'),
 ('6', NULL, 'm140831_000001_extended_cache_keys', '2015-11-09 16:10:41', '2015-11-09 16:10:41', '2015-11-09 16:10:41', 'e6ea7e8f-ac66-4069-88b8-50d83751bfd0'),
 ('7', NULL, 'm140922_000001_delete_orphaned_matrix_blocks', '2015-11-09 16:10:41', '2015-11-09 16:10:41', '2015-11-09 16:10:41', '72ddb4b2-c59f-49ab-b48e-6668efe0198a'),
 ('8', NULL, 'm141008_000001_elements_index_tune', '2015-11-09 16:10:41', '2015-11-09 16:10:41', '2015-11-09 16:10:41', 'd6124345-774e-422b-8426-3565df91ce99'),
 ('9', NULL, 'm141009_000001_assets_source_handle', '2015-11-09 16:10:41', '2015-11-09 16:10:41', '2015-11-09 16:10:41', '64603e39-3f29-4085-b104-5ed96909f66d'),
 ('10', NULL, 'm141024_000001_field_layout_tabs', '2015-11-09 16:10:41', '2015-11-09 16:10:41', '2015-11-09 16:10:41', 'b53571ec-a6b7-4937-a0e5-3b015dede014'),
 ('11', NULL, 'm141030_000001_drop_structure_move_permission', '2015-11-09 16:10:41', '2015-11-09 16:10:41', '2015-11-09 16:10:41', '58421b2b-11b7-44f0-a640-19783fe01063'),
 ('12', NULL, 'm141103_000001_tag_titles', '2015-11-09 16:10:41', '2015-11-09 16:10:41', '2015-11-09 16:10:41', 'ff0b01fe-7542-43a7-a1b0-8e0da5b5f8e6'),
 ('13', NULL, 'm141109_000001_user_status_shuffle', '2015-11-09 16:10:41', '2015-11-09 16:10:41', '2015-11-09 16:10:41', 'f1bab287-09a4-4802-ab3c-a068b5edce27'),
 ('14', NULL, 'm141126_000001_user_week_start_day', '2015-11-09 16:10:41', '2015-11-09 16:10:41', '2015-11-09 16:10:41', 'a62120b4-bf72-4f34-a1b3-e8c9a7d151e8'),
 ('15', NULL, 'm150210_000001_adjust_user_photo_size', '2015-11-09 16:10:41', '2015-11-09 16:10:41', '2015-11-09 16:10:41', 'ca26f46a-83f7-410c-9172-68d0c4b925b3'),
 ('19', '3', 'm150614_182036_formbuilder_AddHasFileUploadsFieldColumn', '2015-11-09 17:01:15', '2015-11-09 17:01:15', '2015-11-09 17:01:15', '00bac55b-451e-4851-9420-b17e9ebf5c9c'),
 ('20', '3', 'm150614_193116_formbuilder_AddUploadSourceColumn', '2015-11-09 17:01:15', '2015-11-09 17:01:15', '2015-11-09 17:01:15', '23aa27f8-a990-49fc-ac01-6cd867dfae95'),
 ('21', '3', 'm150619_155820_formbuilder_UpdateEntriesDataColumnType', '2015-11-09 17:01:15', '2015-11-09 17:01:15', '2015-11-09 17:01:15', '7d0a6717-8376-4582-b027-bd188416e3bf'),
 ('22', NULL, 'm141030_000000_plugin_schema_versions', '2015-12-15 15:49:18', '2015-12-15 15:49:18', '2015-12-15 15:49:18', 'a4f423c4-a596-4619-9f26-4673e0450f24'),
 ('23', NULL, 'm150724_000001_adjust_quality_settings', '2015-12-15 15:49:18', '2015-12-15 15:49:18', '2015-12-15 15:49:18', '04bd98a4-00b4-4aac-a646-3e9d8e9b00f4'),
 ('24', NULL, 'm150827_000000_element_index_settings', '2015-12-15 15:49:18', '2015-12-15 15:49:18', '2015-12-15 15:49:18', '8270b786-de0e-4d82-8a77-7f6ff17aa98b'),
 ('25', NULL, 'm150918_000001_add_colspan_to_widgets', '2015-12-15 15:49:18', '2015-12-15 15:49:18', '2015-12-15 15:49:18', '63cd2c49-e91d-4a6a-8a9b-3588dad1723b'),
 ('26', NULL, 'm151007_000000_clear_asset_caches', '2015-12-15 15:49:18', '2015-12-15 15:49:18', '2015-12-15 15:49:18', '2b36563d-6af1-448b-a5f4-66967e7f1c33'),
 ('27', NULL, 'm151109_000000_text_url_formats', '2015-12-15 15:49:18', '2015-12-15 15:49:18', '2015-12-15 15:49:18', '7842de03-fc39-48be-a0d9-3432c9fd909c'),
 ('28', NULL, 'm151110_000000_move_logo', '2015-12-15 15:49:18', '2015-12-15 15:49:18', '2015-12-15 15:49:18', '98b08f18-17e7-4211-9db4-0f4f3c544406'),
 ('29', NULL, 'm151117_000000_adjust_image_widthheight', '2015-12-15 15:49:18', '2015-12-15 15:49:18', '2015-12-15 15:49:18', '1e84c403-4d87-4429-855a-5c5f57f3c05f'),
 ('30', NULL, 'm151127_000000_clear_license_key_status', '2015-12-15 15:49:18', '2015-12-15 15:49:18', '2015-12-15 15:49:18', 'e81d6c5b-c99c-4e5c-9d74-f0b0b9cc5e14'),
 ('31', NULL, 'm151127_000000_plugin_license_keys', '2015-12-15 15:49:18', '2015-12-15 15:49:18', '2015-12-15 15:49:18', 'bb8dcc91-0338-4d29-a689-63872b180a42'),
 ('32', NULL, 'm151130_000000_update_pt_widget_feeds', '2015-12-15 15:49:18', '2015-12-15 15:49:18', '2015-12-15 15:49:18', '46d9efb1-64fe-4aac-a0fb-ca906508ea91');




DROP TABLE IF EXISTS `craft_plugins`;


--
-- Schema for table `craft_plugins`
--
CREATE TABLE `craft_plugins` (
  `id` int(11) NOT NULL AUTO_INCREMENT,
  `class` varchar(150) COLLATE utf8_unicode_ci NOT NULL,
  `version` varchar(15) COLLATE utf8_unicode_ci NOT NULL,
  `schemaVersion` varchar(15) COLLATE utf8_unicode_ci DEFAULT NULL,
  `licenseKey` char(24) COLLATE utf8_unicode_ci DEFAULT NULL,
  `licenseKeyStatus` enum('valid','invalid','mismatched','unknown') COLLATE utf8_unicode_ci NOT NULL DEFAULT 'unknown',
  `enabled` tinyint(1) unsigned NOT NULL DEFAULT '0',
  `settings` text COLLATE utf8_unicode_ci,
  `installDate` datetime NOT NULL,
  `dateCreated` datetime NOT NULL,
  `dateUpdated` datetime NOT NULL,
  `uid` char(36) COLLATE utf8_unicode_ci NOT NULL DEFAULT '0',
  PRIMARY KEY (`id`)
) ENGINE=InnoDB AUTO_INCREMENT=4 DEFAULT CHARSET=utf8 COLLATE=utf8_unicode_ci;

--
-- Data for table `craft_plugins`
--

INSERT INTO `craft_plugins` (`id`, `class`, `version`, `schemaVersion`, `licenseKey`, `licenseKeyStatus`, `enabled`, `settings`, `installDate`, `dateCreated`, `dateUpdated`, `uid`) VALUES
 ('2', 'InstaBlog', '1.0', NULL, NULL, 'unknown', '1', NULL, '2015-11-09 16:26:57', '2015-11-09 16:26:57', '2015-12-22 17:24:05', '01911691-14e0-4d40-b578-b6235179a344'),
 ('3', 'FormBuilder', '1.4.3', NULL, NULL, 'unknown', '1', NULL, '2015-11-09 17:01:15', '2015-11-09 17:01:15', '2015-12-22 17:24:05', 'cdc55614-bee9-48bc-9b3e-087ad403e2d2');




DROP TABLE IF EXISTS `craft_rackspaceaccess`;


--
-- Schema for table `craft_rackspaceaccess`
--
CREATE TABLE `craft_rackspaceaccess` (
  `id` int(11) NOT NULL AUTO_INCREMENT,
  `connectionKey` varchar(255) COLLATE utf8_unicode_ci NOT NULL,
  `token` varchar(255) COLLATE utf8_unicode_ci NOT NULL,
  `storageUrl` varchar(255) COLLATE utf8_unicode_ci NOT NULL,
  `cdnUrl` varchar(255) COLLATE utf8_unicode_ci NOT NULL,
  `dateCreated` datetime NOT NULL,
  `dateUpdated` datetime NOT NULL,
  `uid` char(36) COLLATE utf8_unicode_ci NOT NULL DEFAULT '0',
  PRIMARY KEY (`id`),
  UNIQUE KEY `craft_rackspaceaccess_connectionKey_unq_idx` (`connectionKey`)
) ENGINE=InnoDB DEFAULT CHARSET=utf8 COLLATE=utf8_unicode_ci;

DROP TABLE IF EXISTS `craft_relations`;


--
-- Schema for table `craft_relations`
--
CREATE TABLE `craft_relations` (
  `id` int(11) NOT NULL AUTO_INCREMENT,
  `fieldId` int(11) NOT NULL,
  `sourceId` int(11) NOT NULL,
  `sourceLocale` char(12) COLLATE utf8_unicode_ci DEFAULT NULL,
  `targetId` int(11) NOT NULL,
  `sortOrder` smallint(6) DEFAULT NULL,
  `dateCreated` datetime NOT NULL,
  `dateUpdated` datetime NOT NULL,
  `uid` char(36) COLLATE utf8_unicode_ci NOT NULL DEFAULT '0',
  PRIMARY KEY (`id`),
  UNIQUE KEY `craft_relations_fieldId_sourceId_sourceLocale_targetId_unq_idx` (`fieldId`,`sourceId`,`sourceLocale`,`targetId`),
  KEY `craft_relations_sourceId_fk` (`sourceId`),
  KEY `craft_relations_sourceLocale_fk` (`sourceLocale`),
  KEY `craft_relations_targetId_fk` (`targetId`)
) ENGINE=InnoDB AUTO_INCREMENT=73 DEFAULT CHARSET=utf8 COLLATE=utf8_unicode_ci;

--
-- Data for table `craft_relations`
--

INSERT INTO `craft_relations` (`id`, `fieldId`, `sourceId`, `sourceLocale`, `targetId`, `sortOrder`, `dateCreated`, `dateUpdated`, `uid`) VALUES
 ('35', '10', '26', NULL, '23', '1', '2015-12-15 15:39:02', '2015-12-15 15:39:02', 'ed2a45eb-f323-401e-9926-d81422cab46f'),
 ('39', '10', '28', NULL, '23', '1', '2015-12-15 15:40:17', '2015-12-15 15:40:17', '639ceb14-1b8b-472f-b947-52301183bd7a'),
 ('40', '9', '28', NULL, '13', '1', '2015-12-15 15:40:17', '2015-12-15 15:40:17', 'd9d482ac-9417-478c-8f29-6d830fec4f43'),
 ('41', '8', '28', NULL, '14', '1', '2015-12-15 15:40:17', '2015-12-15 15:40:17', '6b217b57-9315-4f27-9028-3c34b9a0fb48'),
 ('45', '10', '29', NULL, '33', '1', '2015-12-15 15:46:26', '2015-12-15 15:46:26', 'dd5b2eff-b5a7-4c60-a92a-d83ae834b386'),
 ('46', '9', '29', NULL, '13', '1', '2015-12-15 15:46:26', '2015-12-15 15:46:26', 'bd78d8dd-f5be-4222-b3ca-a94847a21738'),
 ('47', '8', '29', NULL, '14', '1', '2015-12-15 15:46:26', '2015-12-15 15:46:26', 'e5c22250-0428-43c9-a6cb-e82fed1302d6'),
 ('48', '10', '27', NULL, '34', '1', '2015-12-15 15:46:36', '2015-12-15 15:46:36', '39f74157-329f-434f-baff-7ae08c24a2c8'),
 ('49', '9', '27', NULL, '13', '1', '2015-12-15 15:46:36', '2015-12-15 15:46:36', 'b6cd9df9-2504-4d12-bc69-b06302d4cc78'),
 ('50', '8', '27', NULL, '12', '1', '2015-12-15 15:46:36', '2015-12-15 15:46:36', '442972c3-e9e1-4adf-ab50-d919976a0b29'),
 ('51', '10', '25', NULL, '33', '1', '2015-12-15 15:46:44', '2015-12-15 15:46:44', '34a867ff-ca2b-429a-87cf-8dcb446229f3'),
 ('52', '9', '25', NULL, '13', '1', '2015-12-15 15:46:44', '2015-12-15 15:46:44', '1942e4f5-c489-4cc2-b87c-c66950c3a060'),
 ('53', '8', '25', NULL, '12', '1', '2015-12-15 15:46:44', '2015-12-15 15:46:44', '7f46ff2c-5c4b-4796-a27a-8d1c77cb9b1c'),
 ('54', '8', '25', NULL, '14', '2', '2015-12-15 15:46:44', '2015-12-15 15:46:44', '72834289-2bb2-46fb-a83b-7b75139bd5fb'),
 ('55', '10', '24', NULL, '34', '1', '2015-12-15 15:46:51', '2015-12-15 15:46:51', 'f616a8a1-342a-4b65-9924-8f5bd924051b'),
 ('56', '9', '24', NULL, '13', '1', '2015-12-15 15:46:51', '2015-12-15 15:46:51', '9beb0226-af19-4db2-a808-69f256e2a8bf'),
 ('57', '8', '24', NULL, '12', '1', '2015-12-15 15:46:51', '2015-12-15 15:46:51', '99425b22-67ea-4f16-8231-5d6a951d6f6f'),
 ('68', '17', '2', NULL, '20', '1', '2015-12-18 19:42:12', '2015-12-18 19:42:12', 'da857e6d-21f7-4bbb-9827-d94c883671b5'),
 ('69', '41', '2', NULL, '35', '1', '2015-12-18 19:42:12', '2015-12-18 19:42:12', '73713f54-b0fd-420e-8a69-d854bd6d1613'),
 ('70', '21', '2', NULL, '7', '1', '2015-12-18 19:42:12', '2015-12-18 19:42:12', '754a5ae2-74df-4759-9c0f-cc0f987ea480'),
 ('71', '26', '2', NULL, '5', '1', '2015-12-18 19:42:12', '2015-12-18 19:42:12', '7004ec6b-4292-4a43-a5f8-1ae48049b53b'),
 ('72', '42', '2', NULL, '6', '1', '2015-12-18 19:42:12', '2015-12-18 19:42:12', '05d270f9-9294-434e-ba48-b3bad56a0bd3');




DROP TABLE IF EXISTS `craft_routes`;


--
-- Schema for table `craft_routes`
--
CREATE TABLE `craft_routes` (
  `id` int(11) NOT NULL AUTO_INCREMENT,
  `locale` char(12) COLLATE utf8_unicode_ci DEFAULT NULL,
  `urlParts` varchar(255) COLLATE utf8_unicode_ci NOT NULL,
  `urlPattern` varchar(255) COLLATE utf8_unicode_ci NOT NULL,
  `template` varchar(255) COLLATE utf8_unicode_ci NOT NULL,
  `sortOrder` tinyint(4) DEFAULT NULL,
  `dateCreated` datetime NOT NULL,
  `dateUpdated` datetime NOT NULL,
  `uid` char(36) COLLATE utf8_unicode_ci NOT NULL DEFAULT '0',
  PRIMARY KEY (`id`),
  UNIQUE KEY `craft_routes_urlPattern_unq_idx` (`urlPattern`),
  KEY `craft_routes_locale_idx` (`locale`)
) ENGINE=InnoDB AUTO_INCREMENT=3 DEFAULT CHARSET=utf8 COLLATE=utf8_unicode_ci;

--
-- Data for table `craft_routes`
--

INSERT INTO `craft_routes` (`id`, `locale`, `urlParts`, `urlPattern`, `template`, `sortOrder`, `dateCreated`, `dateUpdated`, `uid`) VALUES
 ('1', NULL, '[\"blog\\/tag\\/\",[\"*\",\"[^\\\\\\/]+\"]]', 'blog\\/tag\\/([^\\/]+)', 'blog/tag', '1', '2015-11-09 16:26:58', '2015-11-09 16:26:58', 'e38a58e9-c4f0-4844-a831-cd3784f3bbf9'),
 ('2', NULL, '[\"blog\\/author\\/\",[\"*\",\"[^\\\\\\/]+\"]]', 'blog\\/author\\/([^\\/]+)', 'blog/author', '2', '2015-11-09 16:26:58', '2015-11-09 16:26:58', '59a08005-af0b-4598-9e65-9407cfd153da');




DROP TABLE IF EXISTS `craft_searchindex`;


--
-- Schema for table `craft_searchindex`
--
CREATE TABLE `craft_searchindex` (
  `elementId` int(11) NOT NULL,
  `attribute` varchar(25) COLLATE utf8_unicode_ci NOT NULL,
  `fieldId` int(11) NOT NULL,
  `locale` char(12) COLLATE utf8_unicode_ci NOT NULL,
  `keywords` text COLLATE utf8_unicode_ci NOT NULL,
  PRIMARY KEY (`elementId`,`attribute`,`fieldId`,`locale`),
  FULLTEXT KEY `craft_searchindex_keywords_idx` (`keywords`)
) ENGINE=MyISAM DEFAULT CHARSET=utf8 COLLATE=utf8_unicode_ci;

--
-- Data for table `craft_searchindex`
--

INSERT INTO `craft_searchindex` (`elementId`, `attribute`, `fieldId`, `locale`, `keywords`) VALUES
 ('1', 'username', '0', 'en_us', ' admin '),
 ('1', 'firstname', '0', 'en_us', ''),
 ('1', 'lastname', '0', 'en_us', ''),
 ('1', 'fullname', '0', 'en_us', ''),
 ('1', 'email', '0', 'en_us', ' yulu 70kft com '),
 ('1', 'slug', '0', 'en_us', ''),
 ('2', 'slug', '0', 'en_us', ' homepage '),
 ('2', 'title', '0', 'en_us', ' home '),
 ('2', 'field', '1', 'en_us', ' it s true this site doesn t have a whole lot of content yet but don t worry our web developers have just installed the cms and they re setting things up for the content editors this very moment soon craft dev will be an oasis of fresh perspectives sharp analyses and astute opinions that will keep you coming back again and again '),
 ('3', 'field', '1', 'en_us', ' assertively architect enterprise methods of empowerment '),
 ('3', 'field', '23', 'en_us', ' 123 easy st dallas tx 75201 '),
 ('9', 'field', '24', 'en_us', ' 2015 11 11 '),
 ('9', 'field', '1', 'en_us', ' ladies literary club '),
 ('9', 'field', '23', 'en_us', ' 123 easy st dallas tx 75201 '),
 ('9', 'slug', '0', 'en_us', ' local bookstore '),
 ('9', 'title', '0', 'en_us', ' local bookstore '),
 ('3', 'field', '2', 'en_us', ''),
 ('3', 'slug', '0', 'en_us', ' we just installed craft '),
 ('3', 'title', '0', 'en_us', ' ladies literary club '),
 ('20', 'kind', '0', 'en_us', ' image '),
 ('20', 'extension', '0', 'en_us', ' jpg '),
 ('20', 'filename', '0', 'en_us', ' janetevans_cover jpg '),
 ('5', 'filename', '0', 'en_us', ' book white small png '),
 ('5', 'extension', '0', 'en_us', ' png '),
 ('5', 'kind', '0', 'en_us', ' image '),
 ('5', 'slug', '0', 'en_us', ' book white small '),
 ('5', 'title', '0', 'en_us', ' book white small '),
 ('6', 'filename', '0', 'en_us', ' connect background jpg '),
 ('6', 'extension', '0', 'en_us', ' jpg '),
 ('6', 'kind', '0', 'en_us', ' image '),
 ('6', 'slug', '0', 'en_us', ' connect background '),
 ('6', 'title', '0', 'en_us', ' connect background '),
 ('7', 'filename', '0', 'en_us', ' janet jpg '),
 ('7', 'extension', '0', 'en_us', ' jpg '),
 ('7', 'kind', '0', 'en_us', ' image '),
 ('7', 'slug', '0', 'en_us', ' janet '),
 ('7', 'title', '0', 'en_us', ' janet '),
 ('3', 'field', '24', 'en_us', ' 2015 11 17 '),
 ('10', 'field', '24', 'en_us', ' 2015 11 12 '),
 ('10', 'field', '1', 'en_us', ' assertively architect enterprise methods of empowerment '),
 ('10', 'field', '23', 'en_us', ' 123 easy st dallas tx 75201 '),
 ('10', 'slug', '0', 'en_us', ' local bookstore 2 '),
 ('10', 'title', '0', 'en_us', ' local bookstore 2 '),
 ('2', 'field', '14', 'en_us', ''),
 ('2', 'field', '29', 'en_us', ' share this page '),
 ('2', 'field', '25', 'en_us', ' every day god reveals himself through the smallest details in our lives but how often do you take the time to recognize and appreciate these moments reflect on god s blessings with finding god in the everyday365 daily readings to open your heart to his presence in the world he has created '),
 ('2', 'field', '20', 'en_us', ' janet evans is married and lives in dallas texas she has four children who are married and seven precious grandchildren having survived pancreatic cancer at the age of 52 she began to know god in a mighty way as he walked her through this journey her daily readings are a result of that journey she continues to write seeing god reveal himself as each day unfolds her hope is that those who read these daily thoughts are encouraged and equipped to see our lord as they go about each day for he is always with us '),
 ('2', 'field', '18', 'en_us', ' buy the book '),
 ('2', 'field', '30', 'en_us', ' upcoming events '),
 ('2', 'field', '21', 'en_us', ' janet '),
 ('2', 'field', '16', 'en_us', ' discover god daily grow closer to the lord by discovering his presence all around you every day god reveals himself through the smallest details in our lives but how often do you take the time to recognize and appreciate these moments reflect on god s blessings with finding god in the everyday365 daily readings to open your heart to his presence in the world he has created '),
 ('2', 'field', '27', 'en_us', ' buy the book '),
 ('2', 'field', '15', 'en_us', ''),
 ('2', 'field', '17', 'en_us', ' janetevans cover '),
 ('2', 'field', '26', 'en_us', ' book white small '),
 ('2', 'field', '19', 'en_us', ' read a sample reflection '),
 ('2', 'field', '34', 'en_us', ' janet s latest blog post '),
 ('2', 'field', '35', 'en_us', ' connect with janet '),
 ('34', 'filename', '0', 'en_us', ' image2 png '),
 ('12', 'name', '0', 'en_us', ' tag1 '),
 ('12', 'slug', '0', 'en_us', ''),
 ('12', 'title', '0', 'en_us', ' tag1 '),
 ('13', 'field', '3', 'en_us', ''),
 ('13', 'slug', '0', 'en_us', ' cat1 '),
 ('13', 'title', '0', 'en_us', ' cat1 '),
 ('14', 'name', '0', 'en_us', ' tag2 '),
 ('14', 'slug', '0', 'en_us', ''),
 ('14', 'title', '0', 'en_us', ' tag2 '),
 ('2', 'field', '38', 'en_us', ' all things bright and beautiful he has made everything beautiful in its time ecclesiastes 3 11 walking today i saw the most gorgeous bright blue butterfly floating through the air on its gossamer wings then i saw a precious squirrel running through the grass with a nut in his mouth god s beautiful creatures out and about living gloriously in this beautiful weather on god s great earth and then comes winter the temperature drops trees lose their leaves flowers wilt and it s time for all of nature to draw in resting and restoring until spring returns again these gorgeous electric blue butterflies hibernate and the squirrels huddle up trying to survive on the hidden nuts they have stored for this wintry time of life sometimes we meet such a season as this a wintry freeze of life where we need to pull away from the world and surround ourselves with god s love and protection just as his precious animals in nature do during the winter months there are just such times as these no matter what the month of the year may be when we must draw ourselves to our lord and rest there until we move through the frozen and debilitating challenges of life during this time our father wants us to draw near to him for warmth letting him deal with the icy freezing weather we are facing leaving us wrapped in the warmth of his protective arms we are covered for protection by our lord s love as he goes forth to bring resolution to whatever it is that we are working through during this time of cold and barren living how great it is to have a father who will always be there to deal with those times of life that take us to a wintry place where we don t want to go and certainly don t want to stay he knows that it is only a matter of time until he warms everything '),
 ('23', 'title', '0', 'en_us', ' image3 '),
 ('23', 'slug', '0', 'en_us', ' image3 '),
 ('23', 'kind', '0', 'en_us', ' image '),
 ('23', 'extension', '0', 'en_us', ' jpg '),
 ('23', 'filename', '0', 'en_us', ' image3 jpg '),
 ('34', 'slug', '0', 'en_us', ' image2 '),
 ('34', 'title', '0', 'en_us', ' image2 '),
 ('34', 'kind', '0', 'en_us', ' image '),
 ('20', 'title', '0', 'en_us', ' janetevans cover '),
 ('20', 'slug', '0', 'en_us', ' janetevans cover '),
 ('18', 'field', '14', 'en_us', ''),
 ('18', 'field', '15', 'en_us', ''),
 ('18', 'field', '11', 'en_us', ''),
 ('18', 'field', '12', 'en_us', ' http www google com '),
 ('18', 'field', '13', 'en_us', ' http www google com '),
 ('18', 'slug', '0', 'en_us', ''),
 ('19', 'field', '36', 'en_us', ' where did you find god today '),
 ('19', 'field', '37', 'en_us', ' musings thoughts and reflections from janet evans '),
 ('19', 'slug', '0', 'en_us', ''),
 ('2', 'field', '42', 'en_us', ' connect background '),
 ('2', 'field', '39', 'en_us', ' sample reflection '),
 ('2', 'field', '41', 'en_us', ' mobile cover '),
 ('24', 'field', '3', 'en_us', ' energistically optimize plug and play infrastructures whereas cross media roi objectively cultivate empowered opportunities '),
 ('24', 'field', '10', 'en_us', ' image2 '),
 ('24', 'field', '9', 'en_us', ' cat1 '),
 ('24', 'field', '8', 'en_us', ' tag1 '),
 ('24', 'slug', '0', 'en_us', ' this is a blog with a really long title '),
 ('24', 'title', '0', 'en_us', ' this is a blog with a really long title '),
 ('25', 'field', '3', 'en_us', ' energistically optimize plug and play infrastructures whereas cross media roi objectively cultivate empowered opportunities without synergistic value '),
 ('25', 'field', '10', 'en_us', ' image1 '),
 ('25', 'field', '9', 'en_us', ' cat1 ');

INSERT INTO `craft_searchindex` (`elementId`, `attribute`, `fieldId`, `locale`, `keywords`) VALUES
 ('25', 'field', '8', 'en_us', ' tag1 tag2 '),
 ('25', 'slug', '0', 'en_us', ' blog post one '),
 ('25', 'title', '0', 'en_us', ' blog post one '),
 ('26', 'field', '3', 'en_us', ' energistically optimize plug and play infrastructures whereas cross media roi objectively cultivate empowered opportunities without synergistic value '),
 ('26', 'field', '10', 'en_us', ' image3 '),
 ('26', 'field', '9', 'en_us', ''),
 ('26', 'field', '8', 'en_us', ''),
 ('26', 'slug', '0', 'en_us', ' blog post two '),
 ('26', 'title', '0', 'en_us', ' blog post two '),
 ('27', 'field', '3', 'en_us', ' energistically optimize plug and play infrastructures whereas cross media roi objectively cultivate empowered opportunities without synergistic value '),
 ('27', 'field', '10', 'en_us', ' image2 '),
 ('27', 'field', '9', 'en_us', ' cat1 '),
 ('27', 'field', '8', 'en_us', ' tag1 '),
 ('27', 'slug', '0', 'en_us', ' blog post three '),
 ('27', 'title', '0', 'en_us', ' blog post three '),
 ('28', 'field', '3', 'en_us', ' energistically optimize plug and play infrastructures whereas cross media roi objectively cultivate empowered opportunities without synergistic value '),
 ('28', 'field', '10', 'en_us', ' image3 '),
 ('28', 'field', '9', 'en_us', ' cat1 '),
 ('28', 'field', '8', 'en_us', ' tag2 '),
 ('28', 'slug', '0', 'en_us', ' blog post four '),
 ('28', 'title', '0', 'en_us', ' blog post four '),
 ('29', 'field', '3', 'en_us', ' energistically optimize plug and play infrastructures whereas cross media roi objectively cultivate empowered opportunities '),
 ('29', 'field', '10', 'en_us', ' image1 '),
 ('29', 'field', '9', 'en_us', ' cat1 '),
 ('29', 'field', '8', 'en_us', ' tag2 '),
 ('29', 'slug', '0', 'en_us', ' this is a blog with a really long title too '),
 ('29', 'title', '0', 'en_us', ' this is a blog with a really long title too '),
 ('35', 'kind', '0', 'en_us', ' image '),
 ('35', 'slug', '0', 'en_us', ''),
 ('35', 'extension', '0', 'en_us', ' png '),
 ('35', 'filename', '0', 'en_us', ' mobile cover png '),
 ('34', 'extension', '0', 'en_us', ' png '),
 ('35', 'title', '0', 'en_us', ' mobile cover '),
 ('33', 'filename', '0', 'en_us', ' image1 png '),
 ('33', 'extension', '0', 'en_us', ' png '),
 ('33', 'kind', '0', 'en_us', ' image '),
 ('33', 'slug', '0', 'en_us', ' image1 '),
 ('33', 'title', '0', 'en_us', ' image1 ');




DROP TABLE IF EXISTS `craft_sections`;


--
-- Schema for table `craft_sections`
--
CREATE TABLE `craft_sections` (
  `id` int(11) NOT NULL AUTO_INCREMENT,
  `structureId` int(11) DEFAULT NULL,
  `name` varchar(255) COLLATE utf8_unicode_ci NOT NULL,
  `handle` varchar(255) COLLATE utf8_unicode_ci NOT NULL,
  `type` enum('single','channel','structure') COLLATE utf8_unicode_ci NOT NULL DEFAULT 'channel',
  `hasUrls` tinyint(1) unsigned NOT NULL DEFAULT '1',
  `template` varchar(500) COLLATE utf8_unicode_ci DEFAULT NULL,
  `enableVersioning` tinyint(1) unsigned NOT NULL DEFAULT '0',
  `dateCreated` datetime NOT NULL,
  `dateUpdated` datetime NOT NULL,
  `uid` char(36) COLLATE utf8_unicode_ci NOT NULL DEFAULT '0',
  PRIMARY KEY (`id`),
  UNIQUE KEY `craft_sections_name_unq_idx` (`name`),
  UNIQUE KEY `craft_sections_handle_unq_idx` (`handle`),
  KEY `craft_sections_structureId_fk` (`structureId`)
) ENGINE=InnoDB AUTO_INCREMENT=4 DEFAULT CHARSET=utf8 COLLATE=utf8_unicode_ci;

--
-- Data for table `craft_sections`
--

INSERT INTO `craft_sections` (`id`, `structureId`, `name`, `handle`, `type`, `hasUrls`, `template`, `enableVersioning`, `dateCreated`, `dateUpdated`, `uid`) VALUES
 ('1', NULL, 'Homepage', 'homepage', 'single', '1', 'index', '1', '2015-11-09 16:10:43', '2015-11-09 16:10:43', 'a5d6d199-45c7-41a3-a5c1-d802172efd42'),
 ('2', NULL, 'Events', 'events', 'channel', '1', 'events/_entry', '1', '2015-11-09 16:10:43', '2015-11-09 16:50:49', 'e35c804d-c80f-4898-b7c1-45208f7c9c48'),
 ('3', NULL, 'InstaBlog', 'instaBlog', 'channel', '1', 'blog/_entry', '1', '2015-11-09 16:26:57', '2015-11-09 16:26:57', 'd5122c25-9d5e-4a2e-ab67-9a5d2d9f9d64');




DROP TABLE IF EXISTS `craft_sections_i18n`;


--
-- Schema for table `craft_sections_i18n`
--
CREATE TABLE `craft_sections_i18n` (
  `id` int(11) NOT NULL AUTO_INCREMENT,
  `sectionId` int(11) NOT NULL,
  `locale` char(12) COLLATE utf8_unicode_ci NOT NULL,
  `enabledByDefault` tinyint(1) unsigned NOT NULL DEFAULT '1',
  `urlFormat` text COLLATE utf8_unicode_ci,
  `nestedUrlFormat` text COLLATE utf8_unicode_ci,
  `dateCreated` datetime NOT NULL,
  `dateUpdated` datetime NOT NULL,
  `uid` char(36) COLLATE utf8_unicode_ci NOT NULL DEFAULT '0',
  PRIMARY KEY (`id`),
  UNIQUE KEY `craft_sections_i18n_sectionId_locale_unq_idx` (`sectionId`,`locale`),
  KEY `craft_sections_i18n_locale_fk` (`locale`)
) ENGINE=InnoDB AUTO_INCREMENT=4 DEFAULT CHARSET=utf8 COLLATE=utf8_unicode_ci;

--
-- Data for table `craft_sections_i18n`
--

INSERT INTO `craft_sections_i18n` (`id`, `sectionId`, `locale`, `enabledByDefault`, `urlFormat`, `nestedUrlFormat`, `dateCreated`, `dateUpdated`, `uid`) VALUES
 ('1', '1', 'en_us', '1', '__home__', NULL, '2015-11-09 16:10:43', '2015-11-09 16:10:43', '4e5384d7-4c36-4940-9103-7941374389e8'),
 ('2', '2', 'en_us', '0', 'events/{postDate.year}/{slug}', NULL, '2015-11-09 16:10:43', '2015-11-09 16:50:49', '528b0bfd-03c4-41aa-8fbd-87d1bd2ba3e9'),
 ('3', '3', 'en_us', '1', 'blog/{slug}', NULL, '2015-11-09 16:26:57', '2015-11-09 16:26:57', '9db2a245-816d-43e7-a4cf-dc2e71ec2637');




DROP TABLE IF EXISTS `craft_sessions`;


--
-- Schema for table `craft_sessions`
--
CREATE TABLE `craft_sessions` (
  `id` int(11) NOT NULL AUTO_INCREMENT,
  `userId` int(11) NOT NULL,
  `token` char(100) COLLATE utf8_unicode_ci NOT NULL,
  `dateCreated` datetime NOT NULL,
  `dateUpdated` datetime NOT NULL,
  `uid` char(36) COLLATE utf8_unicode_ci NOT NULL DEFAULT '0',
  PRIMARY KEY (`id`),
  KEY `craft_sessions_uid_idx` (`uid`),
  KEY `craft_sessions_token_idx` (`token`),
  KEY `craft_sessions_dateUpdated_idx` (`dateUpdated`),
  KEY `craft_sessions_userId_fk` (`userId`)
) ENGINE=InnoDB AUTO_INCREMENT=9 DEFAULT CHARSET=utf8 COLLATE=utf8_unicode_ci;

DROP TABLE IF EXISTS `craft_shunnedmessages`;


--
-- Schema for table `craft_shunnedmessages`
--
CREATE TABLE `craft_shunnedmessages` (
  `id` int(11) NOT NULL AUTO_INCREMENT,
  `userId` int(11) NOT NULL,
  `message` varchar(255) COLLATE utf8_unicode_ci NOT NULL,
  `expiryDate` datetime DEFAULT NULL,
  `dateCreated` datetime NOT NULL,
  `dateUpdated` datetime NOT NULL,
  `uid` char(36) COLLATE utf8_unicode_ci NOT NULL DEFAULT '0',
  PRIMARY KEY (`id`),
  UNIQUE KEY `craft_shunnedmessages_userId_message_unq_idx` (`userId`,`message`)
) ENGINE=InnoDB DEFAULT CHARSET=utf8 COLLATE=utf8_unicode_ci;

DROP TABLE IF EXISTS `craft_structureelements`;


--
-- Schema for table `craft_structureelements`
--
CREATE TABLE `craft_structureelements` (
  `id` int(11) NOT NULL AUTO_INCREMENT,
  `structureId` int(11) NOT NULL,
  `elementId` int(11) DEFAULT NULL,
  `root` int(11) unsigned DEFAULT NULL,
  `lft` int(11) unsigned NOT NULL,
  `rgt` int(11) unsigned NOT NULL,
  `level` smallint(6) unsigned NOT NULL,
  `dateCreated` datetime NOT NULL,
  `dateUpdated` datetime NOT NULL,
  `uid` char(36) COLLATE utf8_unicode_ci NOT NULL DEFAULT '0',
  PRIMARY KEY (`id`),
  UNIQUE KEY `craft_structureelements_structureId_elementId_unq_idx` (`structureId`,`elementId`),
  KEY `craft_structureelements_root_idx` (`root`),
  KEY `craft_structureelements_lft_idx` (`lft`),
  KEY `craft_structureelements_rgt_idx` (`rgt`),
  KEY `craft_structureelements_level_idx` (`level`),
  KEY `craft_structureelements_elementId_fk` (`elementId`)
) ENGINE=InnoDB AUTO_INCREMENT=3 DEFAULT CHARSET=utf8 COLLATE=utf8_unicode_ci;

--
-- Data for table `craft_structureelements`
--

INSERT INTO `craft_structureelements` (`id`, `structureId`, `elementId`, `root`, `lft`, `rgt`, `level`, `dateCreated`, `dateUpdated`, `uid`) VALUES
 ('1', '1', NULL, '1', '1', '4', '0', '2015-11-10 17:51:49', '2015-11-10 17:51:49', 'e0a465d3-5025-4ca8-b38d-d5aca632cdc0'),
 ('2', '1', '13', '1', '2', '3', '1', '2015-11-10 17:51:49', '2015-11-10 17:51:49', 'a7d6c681-8732-47b2-b3c4-8a5b4a12e090');




DROP TABLE IF EXISTS `craft_structures`;


--
-- Schema for table `craft_structures`
--
CREATE TABLE `craft_structures` (
  `id` int(11) NOT NULL AUTO_INCREMENT,
  `maxLevels` smallint(6) unsigned DEFAULT NULL,
  `dateCreated` datetime NOT NULL,
  `dateUpdated` datetime NOT NULL,
  `uid` char(36) COLLATE utf8_unicode_ci NOT NULL DEFAULT '0',
  PRIMARY KEY (`id`)
) ENGINE=InnoDB AUTO_INCREMENT=2 DEFAULT CHARSET=utf8 COLLATE=utf8_unicode_ci;

--
-- Data for table `craft_structures`
--

INSERT INTO `craft_structures` (`id`, `maxLevels`, `dateCreated`, `dateUpdated`, `uid`) VALUES
 ('1', '1', '2015-11-09 16:26:57', '2015-11-09 16:26:57', '81a2ad6e-8be7-4f83-9f03-cc41f9022a85');




DROP TABLE IF EXISTS `craft_systemsettings`;


--
-- Schema for table `craft_systemsettings`
--
CREATE TABLE `craft_systemsettings` (
  `id` int(11) NOT NULL AUTO_INCREMENT,
  `category` varchar(15) COLLATE utf8_unicode_ci NOT NULL,
  `settings` text COLLATE utf8_unicode_ci,
  `dateCreated` datetime NOT NULL,
  `dateUpdated` datetime NOT NULL,
  `uid` char(36) COLLATE utf8_unicode_ci NOT NULL DEFAULT '0',
  PRIMARY KEY (`id`),
  UNIQUE KEY `craft_systemsettings_category_unq_idx` (`category`)
) ENGINE=InnoDB AUTO_INCREMENT=2 DEFAULT CHARSET=utf8 COLLATE=utf8_unicode_ci;

--
-- Data for table `craft_systemsettings`
--

INSERT INTO `craft_systemsettings` (`id`, `category`, `settings`, `dateCreated`, `dateUpdated`, `uid`) VALUES
 ('1', 'email', '{\"protocol\":\"php\",\"emailAddress\":\"yulu@70kft.com\",\"senderName\":\"Janet\"}', '2015-11-09 16:10:42', '2015-11-09 16:10:42', '337c177c-e73e-49a9-ae60-36f15fb3cf25');




DROP TABLE IF EXISTS `craft_taggroups`;


--
-- Schema for table `craft_taggroups`
--
CREATE TABLE `craft_taggroups` (
  `id` int(11) NOT NULL AUTO_INCREMENT,
  `name` varchar(255) COLLATE utf8_unicode_ci NOT NULL,
  `handle` varchar(255) COLLATE utf8_unicode_ci NOT NULL,
  `fieldLayoutId` int(10) DEFAULT NULL,
  `dateCreated` datetime NOT NULL,
  `dateUpdated` datetime NOT NULL,
  `uid` char(36) COLLATE utf8_unicode_ci NOT NULL DEFAULT '0',
  PRIMARY KEY (`id`),
  UNIQUE KEY `craft_taggroups_name_unq_idx` (`name`),
  UNIQUE KEY `craft_taggroups_handle_unq_idx` (`handle`),
  KEY `craft_taggroups_fieldLayoutId_fk` (`fieldLayoutId`)
) ENGINE=InnoDB AUTO_INCREMENT=3 DEFAULT CHARSET=utf8 COLLATE=utf8_unicode_ci;

--
-- Data for table `craft_taggroups`
--

INSERT INTO `craft_taggroups` (`id`, `name`, `handle`, `fieldLayoutId`, `dateCreated`, `dateUpdated`, `uid`) VALUES
 ('1', 'Default', 'default', '1', '2015-11-09 16:10:42', '2015-11-09 16:10:42', 'b09afe41-9f17-469f-b4c1-f898d65f4d79'),
 ('2', 'InstaBlog Tags', 'instaBlogTags', '10', '2015-11-09 16:26:57', '2015-11-09 16:26:57', 'c1fd6915-780a-44cf-bf15-dfe1a014b7ff');




DROP TABLE IF EXISTS `craft_tags`;


--
-- Schema for table `craft_tags`
--
CREATE TABLE `craft_tags` (
  `id` int(11) NOT NULL,
  `groupId` int(11) NOT NULL,
  `dateCreated` datetime NOT NULL,
  `dateUpdated` datetime NOT NULL,
  `uid` char(36) COLLATE utf8_unicode_ci NOT NULL DEFAULT '0',
  PRIMARY KEY (`id`),
  KEY `craft_tags_groupId_fk` (`groupId`)
) ENGINE=InnoDB DEFAULT CHARSET=utf8 COLLATE=utf8_unicode_ci;

--
-- Data for table `craft_tags`
--

INSERT INTO `craft_tags` (`id`, `groupId`, `dateCreated`, `dateUpdated`, `uid`) VALUES
 ('12', '2', '2015-11-10 17:51:30', '2015-11-10 17:51:30', '8cf455a8-8495-4e77-87c7-7462ae5eadde'),
 ('14', '2', '2015-11-10 17:52:31', '2015-11-10 17:52:31', '5f64abd1-2dd6-4664-8eb8-3519713118e7');




DROP TABLE IF EXISTS `craft_tasks`;


--
-- Schema for table `craft_tasks`
--
CREATE TABLE `craft_tasks` (
  `id` int(11) NOT NULL AUTO_INCREMENT,
  `root` int(11) unsigned DEFAULT NULL,
  `lft` int(11) unsigned NOT NULL,
  `rgt` int(11) unsigned NOT NULL,
  `level` smallint(6) unsigned NOT NULL,
  `currentStep` int(11) unsigned DEFAULT NULL,
  `totalSteps` int(11) unsigned DEFAULT NULL,
  `status` enum('pending','error','running') COLLATE utf8_unicode_ci DEFAULT NULL,
  `type` varchar(150) COLLATE utf8_unicode_ci NOT NULL,
  `description` varchar(255) COLLATE utf8_unicode_ci DEFAULT NULL,
  `settings` text COLLATE utf8_unicode_ci,
  `dateCreated` datetime NOT NULL,
  `dateUpdated` datetime NOT NULL,
  `uid` char(36) COLLATE utf8_unicode_ci NOT NULL DEFAULT '0',
  PRIMARY KEY (`id`),
  KEY `craft_tasks_root_idx` (`root`),
  KEY `craft_tasks_lft_idx` (`lft`),
  KEY `craft_tasks_rgt_idx` (`rgt`),
  KEY `craft_tasks_level_idx` (`level`)
) ENGINE=InnoDB DEFAULT CHARSET=utf8 COLLATE=utf8_unicode_ci;

DROP TABLE IF EXISTS `craft_templatecachecriteria`;


--
-- Schema for table `craft_templatecachecriteria`
--
CREATE TABLE `craft_templatecachecriteria` (
  `id` int(11) NOT NULL AUTO_INCREMENT,
  `cacheId` int(11) NOT NULL,
  `type` varchar(150) COLLATE utf8_unicode_ci NOT NULL,
  `criteria` text COLLATE utf8_unicode_ci NOT NULL,
  PRIMARY KEY (`id`),
  KEY `craft_templatecachecriteria_cacheId_fk` (`cacheId`),
  KEY `craft_templatecachecriteria_type_idx` (`type`)
) ENGINE=InnoDB DEFAULT CHARSET=utf8 COLLATE=utf8_unicode_ci;

DROP TABLE IF EXISTS `craft_templatecacheelements`;


--
-- Schema for table `craft_templatecacheelements`
--
CREATE TABLE `craft_templatecacheelements` (
  `cacheId` int(11) NOT NULL,
  `elementId` int(11) NOT NULL,
  KEY `craft_templatecacheelements_cacheId_fk` (`cacheId`),
  KEY `craft_templatecacheelements_elementId_fk` (`elementId`)
) ENGINE=InnoDB DEFAULT CHARSET=utf8 COLLATE=utf8_unicode_ci;

DROP TABLE IF EXISTS `craft_templatecaches`;


--
-- Schema for table `craft_templatecaches`
--
CREATE TABLE `craft_templatecaches` (
  `id` int(11) NOT NULL AUTO_INCREMENT,
  `cacheKey` varchar(255) COLLATE utf8_unicode_ci NOT NULL,
  `locale` char(12) COLLATE utf8_unicode_ci NOT NULL,
  `path` varchar(255) COLLATE utf8_unicode_ci DEFAULT NULL,
  `expiryDate` datetime NOT NULL,
  `body` mediumtext COLLATE utf8_unicode_ci NOT NULL,
  PRIMARY KEY (`id`),
  KEY `craft_templatecaches_expiryDate_cacheKey_locale_path_idx` (`expiryDate`,`cacheKey`,`locale`,`path`),
  KEY `craft_templatecaches_locale_fk` (`locale`)
) ENGINE=InnoDB DEFAULT CHARSET=utf8 COLLATE=utf8_unicode_ci;

DROP TABLE IF EXISTS `craft_tokens`;


--
-- Schema for table `craft_tokens`
--
CREATE TABLE `craft_tokens` (
  `id` int(11) NOT NULL AUTO_INCREMENT,
  `token` char(32) COLLATE utf8_unicode_ci NOT NULL,
  `route` text COLLATE utf8_unicode_ci,
  `usageLimit` tinyint(3) unsigned DEFAULT NULL,
  `usageCount` tinyint(3) unsigned DEFAULT NULL,
  `expiryDate` datetime NOT NULL,
  `dateCreated` datetime NOT NULL,
  `dateUpdated` datetime NOT NULL,
  `uid` char(36) COLLATE utf8_unicode_ci NOT NULL DEFAULT '0',
  PRIMARY KEY (`id`),
  UNIQUE KEY `craft_tokens_token_unq_idx` (`token`),
  KEY `craft_tokens_expiryDate_idx` (`expiryDate`)
) ENGINE=InnoDB DEFAULT CHARSET=utf8 COLLATE=utf8_unicode_ci;

DROP TABLE IF EXISTS `craft_usergroups`;


--
-- Schema for table `craft_usergroups`
--
CREATE TABLE `craft_usergroups` (
  `id` int(11) NOT NULL AUTO_INCREMENT,
  `name` varchar(255) COLLATE utf8_unicode_ci NOT NULL,
  `handle` varchar(255) COLLATE utf8_unicode_ci NOT NULL,
  `dateCreated` datetime NOT NULL,
  `dateUpdated` datetime NOT NULL,
  `uid` char(36) COLLATE utf8_unicode_ci NOT NULL DEFAULT '0',
  PRIMARY KEY (`id`)
) ENGINE=InnoDB DEFAULT CHARSET=utf8 COLLATE=utf8_unicode_ci;

DROP TABLE IF EXISTS `craft_usergroups_users`;


--
-- Schema for table `craft_usergroups_users`
--
CREATE TABLE `craft_usergroups_users` (
  `id` int(11) NOT NULL AUTO_INCREMENT,
  `groupId` int(11) NOT NULL,
  `userId` int(11) NOT NULL,
  `dateCreated` datetime NOT NULL,
  `dateUpdated` datetime NOT NULL,
  `uid` char(36) COLLATE utf8_unicode_ci NOT NULL DEFAULT '0',
  PRIMARY KEY (`id`),
  UNIQUE KEY `craft_usergroups_users_groupId_userId_unq_idx` (`groupId`,`userId`),
  KEY `craft_usergroups_users_userId_fk` (`userId`)
) ENGINE=InnoDB DEFAULT CHARSET=utf8 COLLATE=utf8_unicode_ci;

DROP TABLE IF EXISTS `craft_userpermissions`;


--
-- Schema for table `craft_userpermissions`
--
CREATE TABLE `craft_userpermissions` (
  `id` int(11) NOT NULL AUTO_INCREMENT,
  `name` varchar(255) COLLATE utf8_unicode_ci NOT NULL,
  `dateCreated` datetime NOT NULL,
  `dateUpdated` datetime NOT NULL,
  `uid` char(36) COLLATE utf8_unicode_ci NOT NULL DEFAULT '0',
  PRIMARY KEY (`id`),
  UNIQUE KEY `craft_userpermissions_name_unq_idx` (`name`)
) ENGINE=InnoDB DEFAULT CHARSET=utf8 COLLATE=utf8_unicode_ci;

DROP TABLE IF EXISTS `craft_userpermissions_usergroups`;


--
-- Schema for table `craft_userpermissions_usergroups`
--
CREATE TABLE `craft_userpermissions_usergroups` (
  `id` int(11) NOT NULL AUTO_INCREMENT,
  `permissionId` int(11) NOT NULL,
  `groupId` int(11) NOT NULL,
  `dateCreated` datetime NOT NULL,
  `dateUpdated` datetime NOT NULL,
  `uid` char(36) COLLATE utf8_unicode_ci NOT NULL DEFAULT '0',
  PRIMARY KEY (`id`),
  UNIQUE KEY `craft_userpermissions_usergroups_permissionId_groupId_unq_idx` (`permissionId`,`groupId`),
  KEY `craft_userpermissions_usergroups_groupId_fk` (`groupId`)
) ENGINE=InnoDB DEFAULT CHARSET=utf8 COLLATE=utf8_unicode_ci;

DROP TABLE IF EXISTS `craft_userpermissions_users`;


--
-- Schema for table `craft_userpermissions_users`
--
CREATE TABLE `craft_userpermissions_users` (
  `id` int(11) NOT NULL AUTO_INCREMENT,
  `permissionId` int(11) NOT NULL,
  `userId` int(11) NOT NULL,
  `dateCreated` datetime NOT NULL,
  `dateUpdated` datetime NOT NULL,
  `uid` char(36) COLLATE utf8_unicode_ci NOT NULL DEFAULT '0',
  PRIMARY KEY (`id`),
  UNIQUE KEY `craft_userpermissions_users_permissionId_userId_unq_idx` (`permissionId`,`userId`),
  KEY `craft_userpermissions_users_userId_fk` (`userId`)
) ENGINE=InnoDB DEFAULT CHARSET=utf8 COLLATE=utf8_unicode_ci;

DROP TABLE IF EXISTS `craft_users`;


--
-- Schema for table `craft_users`
--
CREATE TABLE `craft_users` (
  `id` int(11) NOT NULL,
  `username` varchar(100) COLLATE utf8_unicode_ci NOT NULL,
  `photo` varchar(100) COLLATE utf8_unicode_ci DEFAULT NULL,
  `firstName` varchar(100) COLLATE utf8_unicode_ci DEFAULT NULL,
  `lastName` varchar(100) COLLATE utf8_unicode_ci DEFAULT NULL,
  `email` varchar(255) COLLATE utf8_unicode_ci NOT NULL,
  `password` char(255) COLLATE utf8_unicode_ci DEFAULT NULL,
  `preferredLocale` char(12) COLLATE utf8_unicode_ci DEFAULT NULL,
  `weekStartDay` tinyint(1) unsigned NOT NULL DEFAULT '0',
  `admin` tinyint(1) unsigned NOT NULL DEFAULT '0',
  `client` tinyint(1) unsigned NOT NULL DEFAULT '0',
  `locked` tinyint(1) unsigned NOT NULL DEFAULT '0',
  `suspended` tinyint(1) unsigned NOT NULL DEFAULT '0',
  `pending` tinyint(1) unsigned NOT NULL DEFAULT '0',
  `archived` tinyint(1) unsigned NOT NULL DEFAULT '0',
  `lastLoginDate` datetime DEFAULT NULL,
  `lastLoginAttemptIPAddress` varchar(45) COLLATE utf8_unicode_ci DEFAULT NULL,
  `invalidLoginWindowStart` datetime DEFAULT NULL,
  `invalidLoginCount` tinyint(4) unsigned DEFAULT NULL,
  `lastInvalidLoginDate` datetime DEFAULT NULL,
  `lockoutDate` datetime DEFAULT NULL,
  `verificationCode` char(100) COLLATE utf8_unicode_ci DEFAULT NULL,
  `verificationCodeIssuedDate` datetime DEFAULT NULL,
  `unverifiedEmail` varchar(255) COLLATE utf8_unicode_ci DEFAULT NULL,
  `passwordResetRequired` tinyint(1) unsigned NOT NULL DEFAULT '0',
  `lastPasswordChangeDate` datetime DEFAULT NULL,
  `dateCreated` datetime NOT NULL,
  `dateUpdated` datetime NOT NULL,
  `uid` char(36) COLLATE utf8_unicode_ci NOT NULL DEFAULT '0',
  PRIMARY KEY (`id`),
  UNIQUE KEY `craft_users_username_unq_idx` (`username`),
  UNIQUE KEY `craft_users_email_unq_idx` (`email`),
  KEY `craft_users_verificationCode_idx` (`verificationCode`),
  KEY `craft_users_uid_idx` (`uid`),
  KEY `craft_users_preferredLocale_fk` (`preferredLocale`)
) ENGINE=InnoDB DEFAULT CHARSET=utf8 COLLATE=utf8_unicode_ci;

--
-- Data for table `craft_users`
--

INSERT INTO `craft_users` (`id`, `username`, `photo`, `firstName`, `lastName`, `email`, `password`, `preferredLocale`, `weekStartDay`, `admin`, `client`, `locked`, `suspended`, `pending`, `archived`, `lastLoginDate`, `lastLoginAttemptIPAddress`, `invalidLoginWindowStart`, `invalidLoginCount`, `lastInvalidLoginDate`, `lockoutDate`, `verificationCode`, `verificationCodeIssuedDate`, `unverifiedEmail`, `passwordResetRequired`, `lastPasswordChangeDate`, `dateCreated`, `dateUpdated`, `uid`) VALUES
 ('1', 'admin', NULL, NULL, NULL, 'yulu@70kft.com', '$2y$13$GQX1wr3Yckw/6yJDzjf1QOdBDXs5AC3A/QtJmu33Md56cONKUOHxO', NULL, '0', '1', '0', '0', '0', '0', '0', '2015-12-22 16:16:30', '10.0.2.2', NULL, NULL, '2015-12-15 15:21:44', NULL, NULL, NULL, NULL, '0', '2015-11-09 16:10:42', '2015-11-09 16:10:42', '2015-12-22 16:16:30', 'a10b623f-6083-4ceb-8bc2-6ac26a28604e');




DROP TABLE IF EXISTS `craft_widgets`;


--
-- Schema for table `craft_widgets`
--
CREATE TABLE `craft_widgets` (
  `id` int(11) NOT NULL AUTO_INCREMENT,
  `userId` int(11) NOT NULL,
  `type` varchar(150) COLLATE utf8_unicode_ci NOT NULL,
  `sortOrder` tinyint(4) DEFAULT NULL,
  `colspan` tinyint(4) unsigned DEFAULT NULL,
  `settings` text COLLATE utf8_unicode_ci,
  `enabled` tinyint(1) unsigned NOT NULL DEFAULT '1',
  `dateCreated` datetime NOT NULL,
  `dateUpdated` datetime NOT NULL,
  `uid` char(36) COLLATE utf8_unicode_ci NOT NULL DEFAULT '0',
  PRIMARY KEY (`id`),
  KEY `craft_widgets_userId_fk` (`userId`)
) ENGINE=InnoDB AUTO_INCREMENT=5 DEFAULT CHARSET=utf8 COLLATE=utf8_unicode_ci;

--
-- Data for table `craft_widgets`
--

INSERT INTO `craft_widgets` (`id`, `userId`, `type`, `sortOrder`, `colspan`, `settings`, `enabled`, `dateCreated`, `dateUpdated`, `uid`) VALUES
 ('1', '1', 'RecentEntries', '1', NULL, NULL, '1', '2015-11-09 16:10:45', '2015-11-09 16:10:45', 'e2984605-f99f-4358-8310-f00d1375b23e'),
 ('2', '1', 'GetHelp', '2', NULL, NULL, '1', '2015-11-09 16:10:45', '2015-11-09 16:10:45', '51b3e36b-f9cb-4f50-9cfb-9e3950ffbf12'),
 ('3', '1', 'Updates', '3', NULL, NULL, '1', '2015-11-09 16:10:45', '2015-11-09 16:10:45', 'd1b2af2d-b38b-45b3-95d6-4e690fc3549d'),
 ('4', '1', 'Feed', '4', NULL, '{\"url\":\"https:\\/\\/craftcms.com\\/news.rss\",\"title\":\"Craft News\"}', '1', '2015-11-09 16:10:46', '2015-12-15 15:49:18', '0127f4df-e5e8-4e25-a276-1bb1a3839cc4');



--
-- Constraints for tables
--


--
-- Constraints for table `craft_assetfiles`
--
ALTER TABLE `craft_assetfiles`
	ADD CONSTRAINT `craft_assetfiles_folderId_fk` FOREIGN KEY (`folderId`) REFERENCES `craft_assetfolders` (`id`) ON DELETE CASCADE,
	ADD CONSTRAINT `craft_assetfiles_id_fk` FOREIGN KEY (`id`) REFERENCES `craft_elements` (`id`) ON DELETE CASCADE,
	ADD CONSTRAINT `craft_assetfiles_sourceId_fk` FOREIGN KEY (`sourceId`) REFERENCES `craft_assetsources` (`id`) ON DELETE CASCADE;

--
-- Constraints for table `craft_assetfolders`
--
ALTER TABLE `craft_assetfolders`
	ADD CONSTRAINT `craft_assetfolders_parentId_fk` FOREIGN KEY (`parentId`) REFERENCES `craft_assetfolders` (`id`) ON DELETE CASCADE,
	ADD CONSTRAINT `craft_assetfolders_sourceId_fk` FOREIGN KEY (`sourceId`) REFERENCES `craft_assetsources` (`id`) ON DELETE CASCADE;

--
-- Constraints for table `craft_assetindexdata`
--
ALTER TABLE `craft_assetindexdata`
	ADD CONSTRAINT `craft_assetindexdata_sourceId_fk` FOREIGN KEY (`sourceId`) REFERENCES `craft_assetsources` (`id`) ON DELETE CASCADE;

--
-- Constraints for table `craft_assetsources`
--
ALTER TABLE `craft_assetsources`
	ADD CONSTRAINT `craft_assetsources_fieldLayoutId_fk` FOREIGN KEY (`fieldLayoutId`) REFERENCES `craft_fieldlayouts` (`id`) ON DELETE SET NULL;

--
-- Constraints for table `craft_categories`
--
ALTER TABLE `craft_categories`
	ADD CONSTRAINT `craft_categories_groupId_fk` FOREIGN KEY (`groupId`) REFERENCES `craft_categorygroups` (`id`) ON DELETE CASCADE,
	ADD CONSTRAINT `craft_categories_id_fk` FOREIGN KEY (`id`) REFERENCES `craft_elements` (`id`) ON DELETE CASCADE;

--
-- Constraints for table `craft_categorygroups`
--
ALTER TABLE `craft_categorygroups`
	ADD CONSTRAINT `craft_categorygroups_fieldLayoutId_fk` FOREIGN KEY (`fieldLayoutId`) REFERENCES `craft_fieldlayouts` (`id`) ON DELETE SET NULL,
	ADD CONSTRAINT `craft_categorygroups_structureId_fk` FOREIGN KEY (`structureId`) REFERENCES `craft_structures` (`id`) ON DELETE CASCADE;

--
-- Constraints for table `craft_categorygroups_i18n`
--
ALTER TABLE `craft_categorygroups_i18n`
	ADD CONSTRAINT `craft_categorygroups_i18n_groupId_fk` FOREIGN KEY (`groupId`) REFERENCES `craft_categorygroups` (`id`) ON DELETE CASCADE,
	ADD CONSTRAINT `craft_categorygroups_i18n_locale_fk` FOREIGN KEY (`locale`) REFERENCES `craft_locales` (`locale`) ON DELETE CASCADE ON UPDATE CASCADE;

--
-- Constraints for table `craft_content`
--
ALTER TABLE `craft_content`
	ADD CONSTRAINT `craft_content_elementId_fk` FOREIGN KEY (`elementId`) REFERENCES `craft_elements` (`id`) ON DELETE CASCADE,
	ADD CONSTRAINT `craft_content_locale_fk` FOREIGN KEY (`locale`) REFERENCES `craft_locales` (`locale`) ON DELETE CASCADE ON UPDATE CASCADE;

--
-- Constraints for table `craft_elements_i18n`
--
ALTER TABLE `craft_elements_i18n`
	ADD CONSTRAINT `craft_elements_i18n_elementId_fk` FOREIGN KEY (`elementId`) REFERENCES `craft_elements` (`id`) ON DELETE CASCADE,
	ADD CONSTRAINT `craft_elements_i18n_locale_fk` FOREIGN KEY (`locale`) REFERENCES `craft_locales` (`locale`) ON DELETE CASCADE ON UPDATE CASCADE;

--
-- Constraints for table `craft_emailmessages`
--
ALTER TABLE `craft_emailmessages`
	ADD CONSTRAINT `craft_emailmessages_locale_fk` FOREIGN KEY (`locale`) REFERENCES `craft_locales` (`locale`) ON DELETE CASCADE ON UPDATE CASCADE;

--
-- Constraints for table `craft_entries`
--
ALTER TABLE `craft_entries`
	ADD CONSTRAINT `craft_entries_authorId_fk` FOREIGN KEY (`authorId`) REFERENCES `craft_users` (`id`) ON DELETE CASCADE,
	ADD CONSTRAINT `craft_entries_id_fk` FOREIGN KEY (`id`) REFERENCES `craft_elements` (`id`) ON DELETE CASCADE,
	ADD CONSTRAINT `craft_entries_sectionId_fk` FOREIGN KEY (`sectionId`) REFERENCES `craft_sections` (`id`) ON DELETE CASCADE,
	ADD CONSTRAINT `craft_entries_typeId_fk` FOREIGN KEY (`typeId`) REFERENCES `craft_entrytypes` (`id`) ON DELETE CASCADE;

--
-- Constraints for table `craft_entrydrafts`
--
ALTER TABLE `craft_entrydrafts`
	ADD CONSTRAINT `craft_entrydrafts_creatorId_fk` FOREIGN KEY (`creatorId`) REFERENCES `craft_users` (`id`) ON DELETE CASCADE,
	ADD CONSTRAINT `craft_entrydrafts_entryId_fk` FOREIGN KEY (`entryId`) REFERENCES `craft_entries` (`id`) ON DELETE CASCADE,
	ADD CONSTRAINT `craft_entrydrafts_locale_fk` FOREIGN KEY (`locale`) REFERENCES `craft_locales` (`locale`) ON DELETE CASCADE ON UPDATE CASCADE,
	ADD CONSTRAINT `craft_entrydrafts_sectionId_fk` FOREIGN KEY (`sectionId`) REFERENCES `craft_sections` (`id`) ON DELETE CASCADE;

--
-- Constraints for table `craft_entrytypes`
--
ALTER TABLE `craft_entrytypes`
	ADD CONSTRAINT `craft_entrytypes_fieldLayoutId_fk` FOREIGN KEY (`fieldLayoutId`) REFERENCES `craft_fieldlayouts` (`id`) ON DELETE SET NULL,
	ADD CONSTRAINT `craft_entrytypes_sectionId_fk` FOREIGN KEY (`sectionId`) REFERENCES `craft_sections` (`id`) ON DELETE CASCADE;

--
-- Constraints for table `craft_entryversions`
--
ALTER TABLE `craft_entryversions`
	ADD CONSTRAINT `craft_entryversions_creatorId_fk` FOREIGN KEY (`creatorId`) REFERENCES `craft_users` (`id`) ON DELETE SET NULL,
	ADD CONSTRAINT `craft_entryversions_entryId_fk` FOREIGN KEY (`entryId`) REFERENCES `craft_entries` (`id`) ON DELETE CASCADE,
	ADD CONSTRAINT `craft_entryversions_locale_fk` FOREIGN KEY (`locale`) REFERENCES `craft_locales` (`locale`) ON DELETE CASCADE ON UPDATE CASCADE,
	ADD CONSTRAINT `craft_entryversions_sectionId_fk` FOREIGN KEY (`sectionId`) REFERENCES `craft_sections` (`id`) ON DELETE CASCADE;

--
-- Constraints for table `craft_fieldlayoutfields`
--
ALTER TABLE `craft_fieldlayoutfields`
	ADD CONSTRAINT `craft_fieldlayoutfields_fieldId_fk` FOREIGN KEY (`fieldId`) REFERENCES `craft_fields` (`id`) ON DELETE CASCADE,
	ADD CONSTRAINT `craft_fieldlayoutfields_layoutId_fk` FOREIGN KEY (`layoutId`) REFERENCES `craft_fieldlayouts` (`id`) ON DELETE CASCADE,
	ADD CONSTRAINT `craft_fieldlayoutfields_tabId_fk` FOREIGN KEY (`tabId`) REFERENCES `craft_fieldlayouttabs` (`id`) ON DELETE CASCADE;

--
-- Constraints for table `craft_fieldlayouttabs`
--
ALTER TABLE `craft_fieldlayouttabs`
	ADD CONSTRAINT `craft_fieldlayouttabs_layoutId_fk` FOREIGN KEY (`layoutId`) REFERENCES `craft_fieldlayouts` (`id`) ON DELETE CASCADE;

--
-- Constraints for table `craft_fields`
--
ALTER TABLE `craft_fields`
	ADD CONSTRAINT `craft_fields_groupId_fk` FOREIGN KEY (`groupId`) REFERENCES `craft_fieldgroups` (`id`) ON DELETE CASCADE;

--
-- Constraints for table `craft_formbuilder_entries`
--
ALTER TABLE `craft_formbuilder_entries`
	ADD CONSTRAINT `craft_formbuilder_entries_formId_fk` FOREIGN KEY (`formId`) REFERENCES `craft_formbuilder_forms` (`id`) ON DELETE CASCADE,
	ADD CONSTRAINT `craft_formbuilder_entries_id_fk` FOREIGN KEY (`id`) REFERENCES `craft_elements` (`id`) ON DELETE CASCADE;

--
-- Constraints for table `craft_formbuilder_forms`
--
ALTER TABLE `craft_formbuilder_forms`
	ADD CONSTRAINT `craft_formbuilder_forms_fieldLayoutId_fk` FOREIGN KEY (`fieldLayoutId`) REFERENCES `craft_fieldlayouts` (`id`) ON DELETE SET NULL;

--
-- Constraints for table `craft_globalsets`
--
ALTER TABLE `craft_globalsets`
	ADD CONSTRAINT `craft_globalsets_fieldLayoutId_fk` FOREIGN KEY (`fieldLayoutId`) REFERENCES `craft_fieldlayouts` (`id`) ON DELETE SET NULL,
	ADD CONSTRAINT `craft_globalsets_id_fk` FOREIGN KEY (`id`) REFERENCES `craft_elements` (`id`) ON DELETE CASCADE;

--
-- Constraints for table `craft_matrixblocks`
--
ALTER TABLE `craft_matrixblocks`
	ADD CONSTRAINT `craft_matrixblocks_fieldId_fk` FOREIGN KEY (`fieldId`) REFERENCES `craft_fields` (`id`) ON DELETE CASCADE,
	ADD CONSTRAINT `craft_matrixblocks_id_fk` FOREIGN KEY (`id`) REFERENCES `craft_elements` (`id`) ON DELETE CASCADE,
	ADD CONSTRAINT `craft_matrixblocks_ownerId_fk` FOREIGN KEY (`ownerId`) REFERENCES `craft_elements` (`id`) ON DELETE CASCADE,
	ADD CONSTRAINT `craft_matrixblocks_ownerLocale_fk` FOREIGN KEY (`ownerLocale`) REFERENCES `craft_locales` (`locale`) ON DELETE CASCADE ON UPDATE CASCADE,
	ADD CONSTRAINT `craft_matrixblocks_typeId_fk` FOREIGN KEY (`typeId`) REFERENCES `craft_matrixblocktypes` (`id`) ON DELETE CASCADE;

--
-- Constraints for table `craft_matrixblocktypes`
--
ALTER TABLE `craft_matrixblocktypes`
	ADD CONSTRAINT `craft_matrixblocktypes_fieldId_fk` FOREIGN KEY (`fieldId`) REFERENCES `craft_fields` (`id`) ON DELETE CASCADE,
	ADD CONSTRAINT `craft_matrixblocktypes_fieldLayoutId_fk` FOREIGN KEY (`fieldLayoutId`) REFERENCES `craft_fieldlayouts` (`id`) ON DELETE SET NULL;

--
-- Constraints for table `craft_migrations`
--
ALTER TABLE `craft_migrations`
	ADD CONSTRAINT `craft_migrations_pluginId_fk` FOREIGN KEY (`pluginId`) REFERENCES `craft_plugins` (`id`) ON DELETE CASCADE;

--
-- Constraints for table `craft_relations`
--
ALTER TABLE `craft_relations`
	ADD CONSTRAINT `craft_relations_fieldId_fk` FOREIGN KEY (`fieldId`) REFERENCES `craft_fields` (`id`) ON DELETE CASCADE,
	ADD CONSTRAINT `craft_relations_sourceId_fk` FOREIGN KEY (`sourceId`) REFERENCES `craft_elements` (`id`) ON DELETE CASCADE,
	ADD CONSTRAINT `craft_relations_sourceLocale_fk` FOREIGN KEY (`sourceLocale`) REFERENCES `craft_locales` (`locale`) ON DELETE CASCADE ON UPDATE CASCADE,
	ADD CONSTRAINT `craft_relations_targetId_fk` FOREIGN KEY (`targetId`) REFERENCES `craft_elements` (`id`) ON DELETE CASCADE;

--
-- Constraints for table `craft_routes`
--
ALTER TABLE `craft_routes`
	ADD CONSTRAINT `craft_routes_locale_fk` FOREIGN KEY (`locale`) REFERENCES `craft_locales` (`locale`) ON DELETE CASCADE ON UPDATE CASCADE;

--
-- Constraints for table `craft_sections`
--
ALTER TABLE `craft_sections`
	ADD CONSTRAINT `craft_sections_structureId_fk` FOREIGN KEY (`structureId`) REFERENCES `craft_structures` (`id`) ON DELETE SET NULL;

--
-- Constraints for table `craft_sections_i18n`
--
ALTER TABLE `craft_sections_i18n`
	ADD CONSTRAINT `craft_sections_i18n_locale_fk` FOREIGN KEY (`locale`) REFERENCES `craft_locales` (`locale`) ON DELETE CASCADE ON UPDATE CASCADE,
	ADD CONSTRAINT `craft_sections_i18n_sectionId_fk` FOREIGN KEY (`sectionId`) REFERENCES `craft_sections` (`id`) ON DELETE CASCADE;

--
-- Constraints for table `craft_sessions`
--
ALTER TABLE `craft_sessions`
	ADD CONSTRAINT `craft_sessions_userId_fk` FOREIGN KEY (`userId`) REFERENCES `craft_users` (`id`) ON DELETE CASCADE;

--
-- Constraints for table `craft_shunnedmessages`
--
ALTER TABLE `craft_shunnedmessages`
	ADD CONSTRAINT `craft_shunnedmessages_userId_fk` FOREIGN KEY (`userId`) REFERENCES `craft_users` (`id`) ON DELETE CASCADE;

--
-- Constraints for table `craft_structureelements`
--
ALTER TABLE `craft_structureelements`
	ADD CONSTRAINT `craft_structureelements_elementId_fk` FOREIGN KEY (`elementId`) REFERENCES `craft_elements` (`id`) ON DELETE CASCADE,
	ADD CONSTRAINT `craft_structureelements_structureId_fk` FOREIGN KEY (`structureId`) REFERENCES `craft_structures` (`id`) ON DELETE CASCADE;

--
-- Constraints for table `craft_taggroups`
--
ALTER TABLE `craft_taggroups`
	ADD CONSTRAINT `craft_taggroups_fieldLayoutId_fk` FOREIGN KEY (`fieldLayoutId`) REFERENCES `craft_fieldlayouts` (`id`) ON DELETE SET NULL;

--
-- Constraints for table `craft_tags`
--
ALTER TABLE `craft_tags`
	ADD CONSTRAINT `craft_tags_groupId_fk` FOREIGN KEY (`groupId`) REFERENCES `craft_taggroups` (`id`) ON DELETE CASCADE,
	ADD CONSTRAINT `craft_tags_id_fk` FOREIGN KEY (`id`) REFERENCES `craft_elements` (`id`) ON DELETE CASCADE;

--
-- Constraints for table `craft_templatecachecriteria`
--
ALTER TABLE `craft_templatecachecriteria`
	ADD CONSTRAINT `craft_templatecachecriteria_cacheId_fk` FOREIGN KEY (`cacheId`) REFERENCES `craft_templatecaches` (`id`) ON DELETE CASCADE;

--
-- Constraints for table `craft_templatecacheelements`
--
ALTER TABLE `craft_templatecacheelements`
	ADD CONSTRAINT `craft_templatecacheelements_cacheId_fk` FOREIGN KEY (`cacheId`) REFERENCES `craft_templatecaches` (`id`) ON DELETE CASCADE,
	ADD CONSTRAINT `craft_templatecacheelements_elementId_fk` FOREIGN KEY (`elementId`) REFERENCES `craft_elements` (`id`) ON DELETE CASCADE;

--
-- Constraints for table `craft_templatecaches`
--
ALTER TABLE `craft_templatecaches`
	ADD CONSTRAINT `craft_templatecaches_locale_fk` FOREIGN KEY (`locale`) REFERENCES `craft_locales` (`locale`) ON DELETE CASCADE ON UPDATE CASCADE;

--
-- Constraints for table `craft_usergroups_users`
--
ALTER TABLE `craft_usergroups_users`
	ADD CONSTRAINT `craft_usergroups_users_groupId_fk` FOREIGN KEY (`groupId`) REFERENCES `craft_usergroups` (`id`) ON DELETE CASCADE,
	ADD CONSTRAINT `craft_usergroups_users_userId_fk` FOREIGN KEY (`userId`) REFERENCES `craft_users` (`id`) ON DELETE CASCADE;

--
-- Constraints for table `craft_userpermissions_usergroups`
--
ALTER TABLE `craft_userpermissions_usergroups`
	ADD CONSTRAINT `craft_userpermissions_usergroups_groupId_fk` FOREIGN KEY (`groupId`) REFERENCES `craft_usergroups` (`id`) ON DELETE CASCADE,
	ADD CONSTRAINT `craft_userpermissions_usergroups_permissionId_fk` FOREIGN KEY (`permissionId`) REFERENCES `craft_userpermissions` (`id`) ON DELETE CASCADE;

--
-- Constraints for table `craft_userpermissions_users`
--
ALTER TABLE `craft_userpermissions_users`
	ADD CONSTRAINT `craft_userpermissions_users_permissionId_fk` FOREIGN KEY (`permissionId`) REFERENCES `craft_userpermissions` (`id`) ON DELETE CASCADE,
	ADD CONSTRAINT `craft_userpermissions_users_userId_fk` FOREIGN KEY (`userId`) REFERENCES `craft_users` (`id`) ON DELETE CASCADE;

--
-- Constraints for table `craft_users`
--
ALTER TABLE `craft_users`
	ADD CONSTRAINT `craft_users_id_fk` FOREIGN KEY (`id`) REFERENCES `craft_elements` (`id`) ON DELETE CASCADE,
	ADD CONSTRAINT `craft_users_preferredLocale_fk` FOREIGN KEY (`preferredLocale`) REFERENCES `craft_locales` (`locale`) ON DELETE SET NULL ON UPDATE CASCADE;

--
-- Constraints for table `craft_widgets`
--
ALTER TABLE `craft_widgets`
	ADD CONSTRAINT `craft_widgets_userId_fk` FOREIGN KEY (`userId`) REFERENCES `craft_users` (`id`) ON DELETE CASCADE;

SET FOREIGN_KEY_CHECKS = 1;
